review_id,category,product_name,rating,review_text,reviewer,date,verified,product_url,scraped_date,scrape_phase,source_file
1,Electronics,iPhone 15 Blue 128GB,1,"5
Excellent
Awesome product very happy to hold this. Better In hand feel,matte finish.
Good camera, Brighter screen with Dynamic Island, USB-C, great battery life.

60Hz display is a dealbreaker for some.Its not much noticeable.

Thank u Flipkart for the best deal and quick delivery.
Arunji Govindar","Certified Buyer, Chennai","Feb, 2024",Yes,https://www.flipkart.com/apple-iphone-15-blue-128-gb/product-reviews/itmbf14ef54f645d?pid=MOBGTAGPAQNVFZZY,2025-12-05 13:15:42,Phase 1,flipkart_all_reviews_20251205_132304.csv
2,Electronics,iPhone 15 Blue 128GB,1,"5
Fabulous!
Awesome 😎
Thakur Surya Pratap Singh
Certified Buyer, Hanumana
10 months ago
1183269","Certified Buyer, Hanumana",,Yes,https://www.flipkart.com/apple-iphone-15-blue-128-gb/product-reviews/itmbf14ef54f645d?pid=MOBGTAGPAQNVFZZY,2025-12-05 13:15:42,Phase 1,flipkart_all_reviews_20251205_132304.csv
3,Electronics,iPhone 15 Blue 128GB,1,"5
Just wow!
Awesome 🔥🔥☺️
Rishabh Jha
Certified Buyer, Tikamgarh
Apr, 2024
693151","Certified Buyer, Tikamgarh","Apr, 2024",Yes,https://www.flipkart.com/apple-iphone-15-blue-128-gb/product-reviews/itmbf14ef54f645d?pid=MOBGTAGPAQNVFZZY,2025-12-05 13:15:42,Phase 1,flipkart_all_reviews_20251205_132304.csv
4,Electronics,iPhone 15 Blue 128GB,1,"5
Worth every penny
Awesome photography experience. Battery backup is good . Display is much better than 14 version.
Flipkart Customer
Certified Buyer, Aizawl
Jan, 2024
1643395","Certified Buyer, Aizawl","Jan, 2024",Yes,https://www.flipkart.com/apple-iphone-15-blue-128-gb/product-reviews/itmbf14ef54f645d?pid=MOBGTAGPAQNVFZZY,2025-12-05 13:15:42,Phase 1,flipkart_all_reviews_20251205_132304.csv
5,Electronics,iPhone 15 Blue 128GB,1,"5
Awesome
Switch from OnePlus to iPhone I am stunned with camera performance. Everything is perfect on iPhone 15.
Nikhil Kumar
Certified Buyer, Meerut Division
Jan, 2024
2077506","Certified Buyer, Meerut Division","Jan, 2024",Yes,https://www.flipkart.com/apple-iphone-15-blue-128-gb/product-reviews/itmbf14ef54f645d?pid=MOBGTAGPAQNVFZZY,2025-12-05 13:15:42,Phase 1,flipkart_all_reviews_20251205_132304.csv
6,Electronics,iPhone 15 Blue 128GB,1,"5
Mind-blowing purchase
High quality camera😍
Ajin V
Certified Buyer, Balaghat
Oct, 2023
109382816","Certified Buyer, Balaghat","Oct, 2023",Yes,https://www.flipkart.com/apple-iphone-15-blue-128-gb/product-reviews/itmbf14ef54f645d?pid=MOBGTAGPAQNVFZZY,2025-12-05 13:15:42,Phase 1,flipkart_all_reviews_20251205_132304.csv
7,Electronics,iPhone 15 Blue 128GB,1,"4
Good choice
Very nice
Mousam Guha Roy
Certified Buyer, Matialihat
Oct, 2023
4025932","Certified Buyer, Matialihat","Oct, 2023",Yes,https://www.flipkart.com/apple-iphone-15-blue-128-gb/product-reviews/itmbf14ef54f645d?pid=MOBGTAGPAQNVFZZY,2025-12-05 13:15:42,Phase 1,flipkart_all_reviews_20251205_132304.csv
8,Electronics,iPhone 15 Blue 128GB,1,"5
Fabulous!
So beautiful, so elegant, just a vowww😍❤️
Akshay Meena
Certified Buyer, Jaipur
Nov, 2023
1091256","Certified Buyer, Jaipur","Nov, 2023",Yes,https://www.flipkart.com/apple-iphone-15-blue-128-gb/product-reviews/itmbf14ef54f645d?pid=MOBGTAGPAQNVFZZY,2025-12-05 13:15:42,Phase 1,flipkart_all_reviews_20251205_132304.csv
9,Electronics,iPhone 15 Blue 128GB,1,"5
Just wow!
Camera Quality Is Improved Loving It
Prithivi Boruah
Certified Buyer, Bokajan
Oct, 2023
39661005","Certified Buyer, Bokajan","Oct, 2023",Yes,https://www.flipkart.com/apple-iphone-15-blue-128-gb/product-reviews/itmbf14ef54f645d?pid=MOBGTAGPAQNVFZZY,2025-12-05 13:15:42,Phase 1,flipkart_all_reviews_20251205_132304.csv
10,Electronics,iPhone 15 Blue 128GB,1,"5
Must buy!
Using this Iphone 15 from 1month and it has best Camera
Flipkart Customer
Certified Buyer, Agartala
Apr, 2024
11319","Certified Buyer, Agartala","Apr, 2024",Yes,https://www.flipkart.com/apple-iphone-15-blue-128-gb/product-reviews/itmbf14ef54f645d?pid=MOBGTAGPAQNVFZZY,2025-12-05 13:15:42,Phase 1,flipkart_all_reviews_20251205_132304.csv
11,Electronics,iPhone 17 Pro Silver 256GB,1,"5
Mind-blowing purchase
Great pick ❤️
SOMANATH SATAPATHY
Certified Buyer, Puri
1 month ago
5121","Certified Buyer, Puri",1 month ago,Yes,https://www.flipkart.com/apple-iphone-17-pro-silver-256-gb/product-reviews/itm106f475c264c7?pid=MOBHFN6YPFSDYRTY,2025-12-05 13:16:09,Phase 1,flipkart_all_reviews_20251205_132304.csv
12,Electronics,iPhone 17 Pro Silver 256GB,1,"5
Must buy!
One word speechless 🥰🥰🥰
Nikki Kanth
Certified Buyer, Dankuni
1 month ago
13971","Certified Buyer, Dankuni",1 month ago,Yes,https://www.flipkart.com/apple-iphone-17-pro-silver-256-gb/product-reviews/itm106f475c264c7?pid=MOBHFN6YPFSDYRTY,2025-12-05 13:16:09,Phase 1,flipkart_all_reviews_20251205_132304.csv
13,Electronics,iPhone 17 Pro Silver 256GB,1,"5
Brilliant
Great iphone but delivery this time is very late by flipkart
Akshay Goswami
Certified Buyer, Bhuj
1 month ago
191105","Certified Buyer, Bhuj",1 month ago,Yes,https://www.flipkart.com/apple-iphone-17-pro-silver-256-gb/product-reviews/itm106f475c264c7?pid=MOBHFN6YPFSDYRTY,2025-12-05 13:16:09,Phase 1,flipkart_all_reviews_20251205_132304.csv
14,Electronics,iPhone 17 Pro Silver 256GB,1,"5
Mind-blowing purchase
Worthy
Allu Naga Sravani
Certified Buyer, Visakhapatnam
1 month ago
8342","Certified Buyer, Visakhapatnam",1 month ago,Yes,https://www.flipkart.com/apple-iphone-17-pro-silver-256-gb/product-reviews/itm106f475c264c7?pid=MOBHFN6YPFSDYRTY,2025-12-05 13:16:09,Phase 1,flipkart_all_reviews_20251205_132304.csv
15,Electronics,iPhone 17 Pro Silver 256GB,1,"5
Worth every penny
Great experience..... iphone is iphone
Flipkart Customer
Certified Buyer, Hailakandi
2 months ago
9251","Certified Buyer, Hailakandi",,Yes,https://www.flipkart.com/apple-iphone-17-pro-silver-256-gb/product-reviews/itm106f475c264c7?pid=MOBHFN6YPFSDYRTY,2025-12-05 13:16:09,Phase 1,flipkart_all_reviews_20251205_132304.csv
16,Electronics,iPhone 17 Pro Silver 256GB,1,"5
Excellent
Awesome phone
Just amazing purchase
Aasim Syed
Certified Buyer, Bangalore
2 months ago
220145","Certified Buyer, Bangalore",,Yes,https://www.flipkart.com/apple-iphone-17-pro-silver-256-gb/product-reviews/itm106f475c264c7?pid=MOBHFN6YPFSDYRTY,2025-12-05 13:16:09,Phase 1,flipkart_all_reviews_20251205_132304.csv
17,Electronics,iPhone 17 Pro Silver 256GB,1,"5
Worth every penny
Great phone and user experience
Saheb Alam Shaikh
Certified Buyer, Vasai Virar
1 month ago
5229","Certified Buyer, Vasai Virar",1 month ago,Yes,https://www.flipkart.com/apple-iphone-17-pro-silver-256-gb/product-reviews/itm106f475c264c7?pid=MOBHFN6YPFSDYRTY,2025-12-05 13:16:09,Phase 1,flipkart_all_reviews_20251205_132304.csv
18,Electronics,iPhone 17 Pro Silver 256GB,1,"5
Just wow!
Upgraded from iPhone 12 to 17 pro
really awesome 💚
Cosmic orange best colour
pratik pathak
Certified Buyer, Agra
1 month ago
8557","Certified Buyer, Agra",1 month ago,Yes,https://www.flipkart.com/apple-iphone-17-pro-silver-256-gb/product-reviews/itm106f475c264c7?pid=MOBHFN6YPFSDYRTY,2025-12-05 13:16:09,Phase 1,flipkart_all_reviews_20251205_132304.csv
19,Electronics,iPhone 17 Pro Silver 256GB,1,"5
Best in the market!
Amazing product
Prakhar Nagpure
Certified Buyer, Waraseoni
2 months ago
2715","Certified Buyer, Waraseoni",,Yes,https://www.flipkart.com/apple-iphone-17-pro-silver-256-gb/product-reviews/itm106f475c264c7?pid=MOBHFN6YPFSDYRTY,2025-12-05 13:16:09,Phase 1,flipkart_all_reviews_20251205_132304.csv
20,Electronics,iPhone 17 Pro Silver 256GB,1,"5
Mind-blowing purchase
Excellent
Ravi kant
Certified Buyer, Ratti Industrial Area
2 months ago
104","Certified Buyer, Ratti Industrial Area",,Yes,https://www.flipkart.com/apple-iphone-17-pro-silver-256-gb/product-reviews/itm106f475c264c7?pid=MOBHFN6YPFSDYRTY,2025-12-05 13:16:09,Phase 1,flipkart_all_reviews_20251205_132304.csv
21,Electronics,Samsung Galaxy S24 Ultra Titanium Black 256GB,1,"5
Worth every penny
Best in night photography
himanshu mehta
Certified Buyer, Himmatnagar
Feb, 2024
110002427","Certified Buyer, Himmatnagar","Feb, 2024",Yes,https://www.flipkart.com/samsung-galaxy-s24-ultra-5g-titanium-black-256-gb/product-reviews/itm60d6a4ba69e8c?pid=MOBGX2F3QGZYYZAK,2025-12-05 13:16:34,Phase 1,flipkart_all_reviews_20251205_132304.csv
22,Electronics,Samsung Galaxy S24 Ultra Titanium Black 256GB,1,"5
Terrific purchase
Amazing Products 👏 🤩
Narendra Singh
Certified Buyer, Jaipur
Feb, 2024
2967632","Certified Buyer, Jaipur","Feb, 2024",Yes,https://www.flipkart.com/samsung-galaxy-s24-ultra-5g-titanium-black-256-gb/product-reviews/itm60d6a4ba69e8c?pid=MOBGX2F3QGZYYZAK,2025-12-05 13:16:34,Phase 1,flipkart_all_reviews_20251205_132304.csv
23,Electronics,Samsung Galaxy S24 Ultra Titanium Black 256GB,1,"5
Must buy!
Android King 🤴
All-rounder phone 📱
All in one 💯🎊
Rajesh Meena
Certified Buyer, Lalsot
Jan, 2024
47601033","Certified Buyer, Lalsot","Jan, 2024",Yes,https://www.flipkart.com/samsung-galaxy-s24-ultra-5g-titanium-black-256-gb/product-reviews/itm60d6a4ba69e8c?pid=MOBGX2F3QGZYYZAK,2025-12-05 13:16:34,Phase 1,flipkart_all_reviews_20251205_132304.csv
24,Electronics,Samsung Galaxy S24 Ultra Titanium Black 256GB,1,"5
Super!
Best mobile for photography
Charging wise also good
No issues at all.
Giving my review after using it almost 50 days.
ROHITH CHINTA
Certified Buyer, East Godavari
Mar, 2024
3636784","Certified Buyer, East Godavari","Mar, 2024",Yes,https://www.flipkart.com/samsung-galaxy-s24-ultra-5g-titanium-black-256-gb/product-reviews/itm60d6a4ba69e8c?pid=MOBGX2F3QGZYYZAK,2025-12-05 13:16:34,Phase 1,flipkart_all_reviews_20251205_132304.csv
25,Electronics,Samsung Galaxy S24 Ultra Titanium Black 256GB,1,"5
Excellent
Excellent
Rahul T
Certified Buyer, Korba
Feb, 2024
1412295","Certified Buyer, Korba","Feb, 2024",Yes,https://www.flipkart.com/samsung-galaxy-s24-ultra-5g-titanium-black-256-gb/product-reviews/itm60d6a4ba69e8c?pid=MOBGX2F3QGZYYZAK,2025-12-05 13:16:34,Phase 1,flipkart_all_reviews_20251205_132304.csv
26,Electronics,Samsung Galaxy S24 Ultra Titanium Black 256GB,1,"5
Terrific purchase
What a fantastic mobile it is. Camera is the best, performance is the best, look and feel is very rich. Display is Ultra HD. The best of best.
Flipkart Customer
Certified Buyer, Shahjahanpur
Feb, 2024
35164","Certified Buyer, Shahjahanpur","Feb, 2024",Yes,https://www.flipkart.com/samsung-galaxy-s24-ultra-5g-titanium-black-256-gb/product-reviews/itm60d6a4ba69e8c?pid=MOBGX2F3QGZYYZAK,2025-12-05 13:16:34,Phase 1,flipkart_all_reviews_20251205_132304.csv
27,Electronics,Samsung Galaxy S24 Ultra Titanium Black 256GB,1,"5
Classy product
Superb product great in every aspect. Go for it
Amit Kottawar
Certified Buyer, Nanded Waghala
Jan, 2024
48493","Certified Buyer, Nanded Waghala","Jan, 2024",Yes,https://www.flipkart.com/samsung-galaxy-s24-ultra-5g-titanium-black-256-gb/product-reviews/itm60d6a4ba69e8c?pid=MOBGX2F3QGZYYZAK,2025-12-05 13:16:34,Phase 1,flipkart_all_reviews_20251205_132304.csv
28,Electronics,Samsung Galaxy S24 Ultra Titanium Black 256GB,1,"5
Awesome
Awesome Display and Camera.
Battery performance is also good.
Amol Mahind
Certified Buyer, Pune
Feb, 2024
806165","Certified Buyer, Pune","Feb, 2024",Yes,https://www.flipkart.com/samsung-galaxy-s24-ultra-5g-titanium-black-256-gb/product-reviews/itm60d6a4ba69e8c?pid=MOBGX2F3QGZYYZAK,2025-12-05 13:16:34,Phase 1,flipkart_all_reviews_20251205_132304.csv
29,Electronics,Samsung Galaxy S24 Ultra Titanium Black 256GB,1,"5
Perfect product!
Nice performance of camera and other features..
Samsung always great..,
narendra goswami
Certified Buyer, Haridwar
Mar, 2024
24345","Certified Buyer, Haridwar","Mar, 2024",Yes,https://www.flipkart.com/samsung-galaxy-s24-ultra-5g-titanium-black-256-gb/product-reviews/itm60d6a4ba69e8c?pid=MOBGX2F3QGZYYZAK,2025-12-05 13:16:34,Phase 1,flipkart_all_reviews_20251205_132304.csv
30,Electronics,Samsung Galaxy S24 Ultra Titanium Black 256GB,1,"5
Simply awesome
Product is really good. You can buy it now even in April 25, only you really needs it. 1 lakh rupees for phone is something not recommended....
Sound could have been more better.... else all things are good
Atul Gite
Certified Buyer, Pune
8 months ago
150","Certified Buyer, Pune","Product is really good. You can buy it now even in April 25, only you really needs it. 1 lakh rupees for phone is something not recommended....",Yes,https://www.flipkart.com/samsung-galaxy-s24-ultra-5g-titanium-black-256-gb/product-reviews/itm60d6a4ba69e8c?pid=MOBGX2F3QGZYYZAK,2025-12-05 13:16:34,Phase 1,flipkart_all_reviews_20251205_132304.csv
31,Electronics,OnePlus Nord CE4 Lite 5G Super Silver 128GB,1,"5
Just wow!
OnePlus Lover 😍
Himanshu Pal
Certified Buyer, Akbarpur
Oct, 2024
480157","Certified Buyer, Akbarpur","Oct, 2024",Yes,https://www.flipkart.com/oneplus-nord-ce4-lite-5g-super-silver-128-gb/product-reviews/itm8fd5fdf300955?pid=MOBH25ZDPHNF38XJ,2025-12-05 13:16:55,Phase 1,flipkart_all_reviews_20251205_132304.csv
32,Electronics,OnePlus Nord CE4 Lite 5G Super Silver 128GB,1,"5
Wonderful
Photo quality too good . Battery quality awesome. Thanks Flipkart
Flipkart Customer
Certified Buyer, Kalyan
Oct, 2024
2497933","Certified Buyer, Kalyan","Oct, 2024",Yes,https://www.flipkart.com/oneplus-nord-ce4-lite-5g-super-silver-128-gb/product-reviews/itm8fd5fdf300955?pid=MOBH25ZDPHNF38XJ,2025-12-05 13:16:55,Phase 1,flipkart_all_reviews_20251205_132304.csv
33,Electronics,OnePlus Nord CE4 Lite 5G Super Silver 128GB,1,"4
Worth the money
Good performance
Arun Kumar
Certified Buyer, Padappai
Aug, 2024
964382","Certified Buyer, Padappai","Aug, 2024",Yes,https://www.flipkart.com/oneplus-nord-ce4-lite-5g-super-silver-128-gb/product-reviews/itm8fd5fdf300955?pid=MOBH25ZDPHNF38XJ,2025-12-05 13:16:55,Phase 1,flipkart_all_reviews_20251205_132304.csv
34,Electronics,OnePlus Nord CE4 Lite 5G Super Silver 128GB,1,"4
Very Good
First of all delivery is great 👍
And also the mobile too
Flipkart Customer
Certified Buyer, Pollachi
Aug, 2024
922367","Certified Buyer, Pollachi","Aug, 2024",Yes,https://www.flipkart.com/oneplus-nord-ce4-lite-5g-super-silver-128-gb/product-reviews/itm8fd5fdf300955?pid=MOBH25ZDPHNF38XJ,2025-12-05 13:16:55,Phase 1,flipkart_all_reviews_20251205_132304.csv
35,Electronics,OnePlus Nord CE4 Lite 5G Super Silver 128GB,1,"5
Terrific
Very nice Device. I love this phone. So Amazing ❤️❤️
Ranjan Kumar Giri
Certified Buyer, Faridabad District
Nov, 2024
18661","Certified Buyer, Faridabad District","Nov, 2024",Yes,https://www.flipkart.com/oneplus-nord-ce4-lite-5g-super-silver-128-gb/product-reviews/itm8fd5fdf300955?pid=MOBH25ZDPHNF38XJ,2025-12-05 13:16:55,Phase 1,flipkart_all_reviews_20251205_132304.csv
36,Electronics,OnePlus Nord CE4 Lite 5G Super Silver 128GB,1,"5
Mind-blowing purchase
Best' product
Vipin Kumar
Certified Buyer, Akbarpur
Oct, 2024
423164","Certified Buyer, Akbarpur","Oct, 2024",Yes,https://www.flipkart.com/oneplus-nord-ce4-lite-5g-super-silver-128-gb/product-reviews/itm8fd5fdf300955?pid=MOBH25ZDPHNF38XJ,2025-12-05 13:16:55,Phase 1,flipkart_all_reviews_20251205_132304.csv
37,Electronics,OnePlus Nord CE4 Lite 5G Super Silver 128GB,1,"5
Perfect product!
Nice one worth money
Flipkart Customer
Certified Buyer, Lucknow
7 months ago
80","Certified Buyer, Lucknow",,Yes,https://www.flipkart.com/oneplus-nord-ce4-lite-5g-super-silver-128-gb/product-reviews/itm8fd5fdf300955?pid=MOBH25ZDPHNF38XJ,2025-12-05 13:16:55,Phase 1,flipkart_all_reviews_20251205_132304.csv
38,Electronics,OnePlus Nord CE4 Lite 5G Super Silver 128GB,1,"5
Worth every penny
Nice phone nice camera battery performance is very good
Dcp Pareek
Certified Buyer, Ratangarh
Jul, 2024
10836","Certified Buyer, Ratangarh","Jul, 2024",Yes,https://www.flipkart.com/oneplus-nord-ce4-lite-5g-super-silver-128-gb/product-reviews/itm8fd5fdf300955?pid=MOBH25ZDPHNF38XJ,2025-12-05 13:16:55,Phase 1,flipkart_all_reviews_20251205_132304.csv
39,Electronics,OnePlus Nord CE4 Lite 5G Super Silver 128GB,1,"5
Simply awesome
this product is good
AZAM JAFRI
Certified Buyer, Ranchi
Jul, 2024
1553707","Certified Buyer, Ranchi","Jul, 2024",Yes,https://www.flipkart.com/oneplus-nord-ce4-lite-5g-super-silver-128-gb/product-reviews/itm8fd5fdf300955?pid=MOBH25ZDPHNF38XJ,2025-12-05 13:16:55,Phase 1,flipkart_all_reviews_20251205_132304.csv
40,Electronics,OnePlus Nord CE4 Lite 5G Super Silver 128GB,1,"4
Good quality product
Charging
anil Kumar Kumar
Certified Buyer, Bangalore
Nov, 2024
7828","Certified Buyer, Bangalore","Nov, 2024",Yes,https://www.flipkart.com/oneplus-nord-ce4-lite-5g-super-silver-128-gb/product-reviews/itm8fd5fdf300955?pid=MOBH25ZDPHNF38XJ,2025-12-05 13:16:55,Phase 1,flipkart_all_reviews_20251205_132304.csv
41,Electronics,Vivo T4x 5G Marine Blue 128GB,1,"5
Worth every penny
Very good phone im very happy 😊😊
Neelu Tiwari
Certified Buyer, Varanasi
2 months ago
971230","Certified Buyer, Varanasi",,Yes,https://www.flipkart.com/vivo-t4x-5g-marine-blue-128-gb/product-reviews/itm017656bdd097b?pid=MOBH9JUSTWEMVADU,2025-12-05 13:17:23,Phase 1,flipkart_all_reviews_20251205_132304.csv
42,Electronics,Vivo T4x 5G Marine Blue 128GB,1,"5
Wonderful
Very good Phone in this price segment
Flipkart Customer
Certified Buyer, Anjar
3 months ago
486117","Certified Buyer, Anjar",,Yes,https://www.flipkart.com/vivo-t4x-5g-marine-blue-128-gb/product-reviews/itm017656bdd097b?pid=MOBH9JUSTWEMVADU,2025-12-05 13:17:23,Phase 1,flipkart_all_reviews_20251205_132304.csv
43,Electronics,Vivo T4x 5G Marine Blue 128GB,1,"5
Super!
Thanks vivo thanks flipkart 😊
Flipkart Customer
Certified Buyer, Jaipur District
3 months ago
26360","Certified Buyer, Jaipur District",,Yes,https://www.flipkart.com/vivo-t4x-5g-marine-blue-128-gb/product-reviews/itm017656bdd097b?pid=MOBH9JUSTWEMVADU,2025-12-05 13:17:23,Phase 1,flipkart_all_reviews_20251205_132304.csv
44,Electronics,Vivo T4x 5G Marine Blue 128GB,1,"5
Fabulous!
Nice product ❤️
Kim jong Un
Certified Buyer, Ahmadnagar
8 months ago
2332701","Certified Buyer, Ahmadnagar",,Yes,https://www.flipkart.com/vivo-t4x-5g-marine-blue-128-gb/product-reviews/itm017656bdd097b?pid=MOBH9JUSTWEMVADU,2025-12-05 13:17:23,Phase 1,flipkart_all_reviews_20251205_132304.csv
45,Electronics,Vivo T4x 5G Marine Blue 128GB,1,"5
Mind-blowing purchase
Best segment phone
Very good budget phone
allrounder phone
Anurag Chaudhary
Certified Buyer, Barabanki
8 months ago
1613478","Certified Buyer, Barabanki",,Yes,https://www.flipkart.com/vivo-t4x-5g-marine-blue-128-gb/product-reviews/itm017656bdd097b?pid=MOBH9JUSTWEMVADU,2025-12-05 13:17:23,Phase 1,flipkart_all_reviews_20251205_132304.csv
46,Electronics,Vivo T4x 5G Marine Blue 128GB,1,"5
Great product
Good
Flipkart Customer
Certified Buyer, New Delhi
8 months ago
1536458","Certified Buyer, New Delhi",,Yes,https://www.flipkart.com/vivo-t4x-5g-marine-blue-128-gb/product-reviews/itm017656bdd097b?pid=MOBH9JUSTWEMVADU,2025-12-05 13:17:23,Phase 1,flipkart_all_reviews_20251205_132304.csv
47,Electronics,Vivo T4x 5G Marine Blue 128GB,1,"5
Best in the market!
Good
Arunkanti Roy
Certified Buyer, Kolkata
8 months ago
1652496","Certified Buyer, Kolkata",,Yes,https://www.flipkart.com/vivo-t4x-5g-marine-blue-128-gb/product-reviews/itm017656bdd097b?pid=MOBH9JUSTWEMVADU,2025-12-05 13:17:23,Phase 1,flipkart_all_reviews_20251205_132304.csv
48,Electronics,Vivo T4x 5G Marine Blue 128GB,1,"4
Good quality product
This phone is performance wise decent but display quality is not that perfect. 💫

Battery life is amazing 🤩
Charging speed is a bit slow 😔
App openings are smooth 💥
Speaker quality is not perfect 😑
Call quality is good 😊
Camera quality is good for the price 😁
Abhishek Chattopa","Certified Buyer, Bankura",,Yes,https://www.flipkart.com/vivo-t4x-5g-marine-blue-128-gb/product-reviews/itm017656bdd097b?pid=MOBH9JUSTWEMVADU,2025-12-05 13:17:23,Phase 1,flipkart_all_reviews_20251205_132304.csv
49,Electronics,Vivo T4x 5G Marine Blue 128GB,1,"5
Great product
First class quality good
Vijayakumar Sivalingam
Certified Buyer, Salem
8 months ago
685201","Certified Buyer, Salem",,Yes,https://www.flipkart.com/vivo-t4x-5g-marine-blue-128-gb/product-reviews/itm017656bdd097b?pid=MOBH9JUSTWEMVADU,2025-12-05 13:17:23,Phase 1,flipkart_all_reviews_20251205_132304.csv
50,Electronics,Vivo T4x 5G Marine Blue 128GB,1,"5
Great product
Value for money
Go for it
Sumeet Kumar
Certified Buyer, Bikaner
8 months ago
497142","Certified Buyer, Bikaner",,Yes,https://www.flipkart.com/vivo-t4x-5g-marine-blue-128-gb/product-reviews/itm017656bdd097b?pid=MOBH9JUSTWEMVADU,2025-12-05 13:17:23,Phase 1,flipkart_all_reviews_20251205_132304.csv
51,Electronics,Redmi Note 14 SE 5G Crimson Art 128GB,1,"5
Super!
Too good 👍
Flipkart Customer
Certified Buyer, Central Division
3 months ago
27884","Certified Buyer, Central Division",,Yes,https://www.flipkart.com/redmi-note-14-se-5g-crimson-art-128-gb/product-reviews/itm10fbd7f3a50f1?pid=MOBHE48SXCFFFTTT,2025-12-05 13:17:47,Phase 1,flipkart_all_reviews_20251205_132304.csv
52,Electronics,Redmi Note 14 SE 5G Crimson Art 128GB,1,"4
Good quality product
All good but battery level low
Flipkart Customer
Certified Buyer, Gandhinagar District
2 months ago
10531","Certified Buyer, Gandhinagar District",,Yes,https://www.flipkart.com/redmi-note-14-se-5g-crimson-art-128-gb/product-reviews/itm10fbd7f3a50f1?pid=MOBHE48SXCFFFTTT,2025-12-05 13:17:47,Phase 1,flipkart_all_reviews_20251205_132304.csv
53,Electronics,Redmi Note 14 SE 5G Crimson Art 128GB,1,"4
Very Good
The product does not come with a charger or back cover which is a negative point in terms of mid range phones. The company should include it.
The phone is light weight and easy to use. My usage is very minimal so I cannot decide on performance.
The colour crimson red looks nice. I am loo","Certified Buyer, Bengaluru",,Yes,https://www.flipkart.com/redmi-note-14-se-5g-crimson-art-128-gb/product-reviews/itm10fbd7f3a50f1?pid=MOBHE48SXCFFFTTT,2025-12-05 13:17:47,Phase 1,flipkart_all_reviews_20251205_132304.csv
54,Electronics,Redmi Note 14 SE 5G Crimson Art 128GB,1,"4
Good choice
Display quality top notch 👍
Neeraj Sansiya
Certified Buyer, Bhopal
4 months ago
348141","Certified Buyer, Bhopal",,Yes,https://www.flipkart.com/redmi-note-14-se-5g-crimson-art-128-gb/product-reviews/itm10fbd7f3a50f1?pid=MOBHE48SXCFFFTTT,2025-12-05 13:17:47,Phase 1,flipkart_all_reviews_20251205_132304.csv
55,Electronics,Redmi Note 14 SE 5G Crimson Art 128GB,1,"4
Nice product
Good for long time use. (Gamers and Photographeres please avoid this phone.)👍🏽
রিপন বিশ্বাস
Certified Buyer, Amritsar
2 months ago
15758","Certified Buyer, Amritsar",,Yes,https://www.flipkart.com/redmi-note-14-se-5g-crimson-art-128-gb/product-reviews/itm10fbd7f3a50f1?pid=MOBHE48SXCFFFTTT,2025-12-05 13:17:47,Phase 1,flipkart_all_reviews_20251205_132304.csv
56,Electronics,Redmi Note 14 SE 5G Crimson Art 128GB,1,"4
Good choice
In this budget i love this phone but I'm a little confused about it. I can't tell if it's the Redmi Note 14 5G or the Redmi Note 14 SE. It's really hard to tell the difference between the two. There is no adapter only cable available and no phone cover included. Everything is good expe","Certified Buyer, Patna",,Yes,https://www.flipkart.com/redmi-note-14-se-5g-crimson-art-128-gb/product-reviews/itm10fbd7f3a50f1?pid=MOBHE48SXCFFFTTT,2025-12-05 13:17:47,Phase 1,flipkart_all_reviews_20251205_132304.csv
57,Electronics,Redmi Note 14 SE 5G Crimson Art 128GB,1,"5
Simply awesome
This rang very good phone
Kumar Avadhesh Mahato
Certified Buyer, Dhanbad
3 months ago
7824","Certified Buyer, Dhanbad",,Yes,https://www.flipkart.com/redmi-note-14-se-5g-crimson-art-128-gb/product-reviews/itm10fbd7f3a50f1?pid=MOBHE48SXCFFFTTT,2025-12-05 13:17:47,Phase 1,flipkart_all_reviews_20251205_132304.csv
58,Electronics,Redmi Note 14 SE 5G Crimson Art 128GB,1,"3
Just okay
It's redmi note 14 5g, not 14 SE 5g
company just removed adapter and make it new launch@ less 1000 inr. Also on flipcart website they are showing a protective case being provided but that's not true, they saved 100 bucks more.

It's just like a person took a bath , wore new clothes... Wo","Certified Buyer, Faridabad",,Yes,https://www.flipkart.com/redmi-note-14-se-5g-crimson-art-128-gb/product-reviews/itm10fbd7f3a50f1?pid=MOBHE48SXCFFFTTT,2025-12-05 13:17:47,Phase 1,flipkart_all_reviews_20251205_132304.csv
59,Electronics,Redmi Note 14 SE 5G Crimson Art 128GB,1,"5
Classy product
Good
Ajeet Thakur
Certified Buyer, Noida
4 months ago
25398","Certified Buyer, Noida",,Yes,https://www.flipkart.com/redmi-note-14-se-5g-crimson-art-128-gb/product-reviews/itm10fbd7f3a50f1?pid=MOBHE48SXCFFFTTT,2025-12-05 13:17:47,Phase 1,flipkart_all_reviews_20251205_132304.csv
60,Electronics,Redmi Note 14 SE 5G Crimson Art 128GB,1,"5
Must buy!
Very good product
Krishna Kant Yadav
Certified Buyer, Daltonganj
4 months ago
7929","Certified Buyer, Daltonganj",,Yes,https://www.flipkart.com/redmi-note-14-se-5g-crimson-art-128-gb/product-reviews/itm10fbd7f3a50f1?pid=MOBHE48SXCFFFTTT,2025-12-05 13:17:47,Phase 1,flipkart_all_reviews_20251205_132304.csv
61,Electronics,Realme P3X 5G Midnight Blue 128GB,1,"5
Terrific
Very good camera quality
SHEELU RAJPUT
Certified Buyer, Mirzapur Division
4 months ago
25591","Certified Buyer, Mirzapur Division",,Yes,https://www.flipkart.com/realme-p3x-5g-midnight-blue-128-gb/product-reviews/itmab5a4b09b6ccc?pid=MOBH8VGV88UADK2Z,2025-12-05 13:18:13,Phase 1,flipkart_all_reviews_20251205_132304.csv
62,Electronics,Realme P3X 5G Midnight Blue 128GB,1,"5
Terrific
Pros-

Excellent Design
Excellent battery life and with 45w fast charger it works amezing
Good display at this price point and punch hole cutout looks great
Speaker is loud enough with clearity and above average bass
5g connectivity is good
Inbuilt Features are excellent
Camera is average","Certified Buyer, Ballia",,Yes,https://www.flipkart.com/realme-p3x-5g-midnight-blue-128-gb/product-reviews/itmab5a4b09b6ccc?pid=MOBH8VGV88UADK2Z,2025-12-05 13:18:13,Phase 1,flipkart_all_reviews_20251205_132304.csv
63,Electronics,Realme P3X 5G Midnight Blue 128GB,1,"5
Perfect product!
Wow.....
Flipkart Customer
Certified Buyer, Purba Bardhaman District
7 months ago
833336","Certified Buyer, Purba Bardhaman District",,Yes,https://www.flipkart.com/realme-p3x-5g-midnight-blue-128-gb/product-reviews/itmab5a4b09b6ccc?pid=MOBH8VGV88UADK2Z,2025-12-05 13:18:13,Phase 1,flipkart_all_reviews_20251205_132304.csv
64,Electronics,Realme P3X 5G Midnight Blue 128GB,1,"5
Highly recommended
Good looking Outstanding performance good battery backup, amazing camera, light weight nice
Satyarth Tiwari
Certified Buyer, Saraon
8 months ago
743305","Certified Buyer, Saraon",,Yes,https://www.flipkart.com/realme-p3x-5g-midnight-blue-128-gb/product-reviews/itmab5a4b09b6ccc?pid=MOBH8VGV88UADK2Z,2025-12-05 13:18:13,Phase 1,flipkart_all_reviews_20251205_132304.csv
65,Electronics,Realme P3X 5G Midnight Blue 128GB,1,"5
Brilliant
Camara quality Little disappointed otherwise the overall product is good for this price range.
Gokulan c
Certified Buyer, Coimbatore District
8 months ago
552226","Certified Buyer, Coimbatore District",,Yes,https://www.flipkart.com/realme-p3x-5g-midnight-blue-128-gb/product-reviews/itmab5a4b09b6ccc?pid=MOBH8VGV88UADK2Z,2025-12-05 13:18:13,Phase 1,flipkart_all_reviews_20251205_132304.csv
66,Electronics,Realme P3X 5G Midnight Blue 128GB,1,"4
Worth the money
Good
Abhijit Roy
Certified Buyer, Kolkata
9 months ago
668304","Certified Buyer, Kolkata",,Yes,https://www.flipkart.com/realme-p3x-5g-midnight-blue-128-gb/product-reviews/itmab5a4b09b6ccc?pid=MOBH8VGV88UADK2Z,2025-12-05 13:18:13,Phase 1,flipkart_all_reviews_20251205_132304.csv
67,Electronics,Realme P3X 5G Midnight Blue 128GB,1,"4
Nice product
Good
ਨੰਦਕਿਸ਼ੋਰ ਕੁਮਾਰ Nk Chauhan
Certified Buyer, New Delhi
9 months ago
305140","Certified Buyer, New Delhi",,Yes,https://www.flipkart.com/realme-p3x-5g-midnight-blue-128-gb/product-reviews/itmab5a4b09b6ccc?pid=MOBH8VGV88UADK2Z,2025-12-05 13:18:13,Phase 1,flipkart_all_reviews_20251205_132304.csv
68,Electronics,Realme P3X 5G Midnight Blue 128GB,1,"5
Worth every penny
realme P3x 5G
Mast mobile
Good
👉👌👌👌👌👌👌👌👌👌❤️❤️❤️
Rajan Dj Katehari Ambedkar Nagar
Certified Buyer, Thane
8 months ago
10338","Certified Buyer, Thane",,Yes,https://www.flipkart.com/realme-p3x-5g-midnight-blue-128-gb/product-reviews/itmab5a4b09b6ccc?pid=MOBH8VGV88UADK2Z,2025-12-05 13:18:13,Phase 1,flipkart_all_reviews_20251205_132304.csv
69,Electronics,Realme P3X 5G Midnight Blue 128GB,1,"5
Terrific
Looking nice and good features
Àñûj Yàdáv
Certified Buyer, Motihari
3 months ago
349","Certified Buyer, Motihari",,Yes,https://www.flipkart.com/realme-p3x-5g-midnight-blue-128-gb/product-reviews/itmab5a4b09b6ccc?pid=MOBH8VGV88UADK2Z,2025-12-05 13:18:13,Phase 1,flipkart_all_reviews_20251205_132304.csv
70,Electronics,Realme P3X 5G Midnight Blue 128GB,1,"5
Wonderful
Simply wow product at this price range ty Flipkart for this 💓
Shailesh Kumar
Certified Buyer, Masaurhi
7 months ago
6624","Certified Buyer, Masaurhi",,Yes,https://www.flipkart.com/realme-p3x-5g-midnight-blue-128-gb/product-reviews/itmab5a4b09b6ccc?pid=MOBH8VGV88UADK2Z,2025-12-05 13:18:13,Phase 1,flipkart_all_reviews_20251205_132304.csv
71,Electronics,Motorola G57 Power 5G Pantone Regatta 128GB,1,"5
Great product
What a product super mind-blowing
Battery 3 days
Performance super
Shivaram Raju
Certified Buyer, Bellary District
Today
00","Certified Buyer, Bellary District",,Yes,https://www.flipkart.com/motorola-g57-power-5g-pantone-regatta-128-gb/product-reviews/itmaea0032ab54ab?pid=MOBHGRFEGSFYUE2E,2025-12-05 13:18:35,Phase 1,flipkart_all_reviews_20251205_132304.csv
72,Electronics,Motorola G57 Power 5G Pantone Regatta 128GB,1,"3
Just okay
Nyc product.
Soumen Das
Certified Buyer, Purba Bardhaman District
Today
00","Certified Buyer, Purba Bardhaman District",,Yes,https://www.flipkart.com/motorola-g57-power-5g-pantone-regatta-128-gb/product-reviews/itmaea0032ab54ab?pid=MOBHGRFEGSFYUE2E,2025-12-05 13:18:35,Phase 1,flipkart_all_reviews_20251205_132304.csv
73,Electronics,Motorola G57 Power 5G Pantone Regatta 128GB,1,"5
Excellent
Good one in the budget segment!
Anup Tiwary
Certified Buyer, New Delhi
Today
00","Certified Buyer, New Delhi",,Yes,https://www.flipkart.com/motorola-g57-power-5g-pantone-regatta-128-gb/product-reviews/itmaea0032ab54ab?pid=MOBHGRFEGSFYUE2E,2025-12-05 13:18:35,Phase 1,flipkart_all_reviews_20251205_132304.csv
74,Electronics,Motorola G57 Power 5G Pantone Regatta 128GB,1,"5
Great product
Good
Dishant
Certified Buyer, Ahmedabad
Today
00","Certified Buyer, Ahmedabad",,Yes,https://www.flipkart.com/motorola-g57-power-5g-pantone-regatta-128-gb/product-reviews/itmaea0032ab54ab?pid=MOBHGRFEGSFYUE2E,2025-12-05 13:18:35,Phase 1,flipkart_all_reviews_20251205_132304.csv
75,Electronics,Motorola G57 Power 5G Pantone Regatta 128GB,1,"5
Terrific
THE BEST PHONE EVER.
Looking for a budget phone?Moto g57 power is the best.
SIMPLY THE BEST🔥🔥
Trishan Mehra
Certified Buyer, Mumbai
Today
00","Certified Buyer, Mumbai",,Yes,https://www.flipkart.com/motorola-g57-power-5g-pantone-regatta-128-gb/product-reviews/itmaea0032ab54ab?pid=MOBHGRFEGSFYUE2E,2025-12-05 13:18:35,Phase 1,flipkart_all_reviews_20251205_132304.csv
76,Electronics,Motorola G57 Power 5G Pantone Regatta 128GB,1,"4
Wonderful
Mobile is looking good. Currently everything is good, Today only i have received the mobile, don't know how it is working after 1 week or 1 month.
Syed
Certified Buyer, Hyderabad
Today
00","Certified Buyer, Hyderabad",,Yes,https://www.flipkart.com/motorola-g57-power-5g-pantone-regatta-128-gb/product-reviews/itmaea0032ab54ab?pid=MOBHGRFEGSFYUE2E,2025-12-05 13:18:35,Phase 1,flipkart_all_reviews_20251205_132304.csv
77,Electronics,Motorola G57 Power 5G Pantone Regatta 128GB,1,"4
Really Nice
It's a amazing product and everything is working perfectly thnks for moto to design this amazing build
himanshu kaushik
Certified Buyer, Sonipat
Today
00","Certified Buyer, Sonipat",,Yes,https://www.flipkart.com/motorola-g57-power-5g-pantone-regatta-128-gb/product-reviews/itmaea0032ab54ab?pid=MOBHGRFEGSFYUE2E,2025-12-05 13:18:35,Phase 1,flipkart_all_reviews_20251205_132304.csv
78,Electronics,Motorola G57 Power 5G Pantone Regatta 128GB,1,"5
Awesome
Good
Akshit Chopra
Certified Buyer, Rohtak
Today
00","Certified Buyer, Rohtak",,Yes,https://www.flipkart.com/motorola-g57-power-5g-pantone-regatta-128-gb/product-reviews/itmaea0032ab54ab?pid=MOBHGRFEGSFYUE2E,2025-12-05 13:18:35,Phase 1,flipkart_all_reviews_20251205_132304.csv
79,Electronics,Motorola G57 Power 5G Pantone Regatta 128GB,1,"4
Value-for-money
Good
Deepak Khandare
Certified Buyer, Secunderabad
1 day ago
00","Certified Buyer, Secunderabad",,Yes,https://www.flipkart.com/motorola-g57-power-5g-pantone-regatta-128-gb/product-reviews/itmaea0032ab54ab?pid=MOBHGRFEGSFYUE2E,2025-12-05 13:18:35,Phase 1,flipkart_all_reviews_20251205_132304.csv
80,Electronics,Motorola G57 Power 5G Pantone Regatta 128GB,1,"4
Pretty good
Seems ok...let's see how it performs..as of now everything is fine.got it today
Flipkart Customer
Certified Buyer, Jaipur
1 day ago
00","Certified Buyer, Jaipur",,Yes,https://www.flipkart.com/motorola-g57-power-5g-pantone-regatta-128-gb/product-reviews/itmaea0032ab54ab?pid=MOBHGRFEGSFYUE2E,2025-12-05 13:18:35,Phase 1,flipkart_all_reviews_20251205_132304.csv
81,Electronics,Nothing Phone 3A Black 256GB,1,"4
Nice product
No doubt camera is awesome 👍😎
SOURAV BISWAS
Certified Buyer, Nebadhai Duttapukur
2 months ago
120","Certified Buyer, Nebadhai Duttapukur",,Yes,https://www.flipkart.com/nothing-phone-3a-black-256-gb/product-reviews/itm49557c5a65f9c?pid=MOBH8G3PJJMGUFGH,2025-12-05 13:18:58,Phase 1,flipkart_all_reviews_20251205_132304.csv
82,Electronics,Nothing Phone 3A Black 256GB,1,"5
Worth every penny
Nice Phone Value For Money
Pankaj Bhargav
Certified Buyer, Garoth
8 months ago
2175652","Certified Buyer, Garoth",,Yes,https://www.flipkart.com/nothing-phone-3a-black-256-gb/product-reviews/itm49557c5a65f9c?pid=MOBH8G3PJJMGUFGH,2025-12-05 13:18:58,Phase 1,flipkart_all_reviews_20251205_132304.csv
83,Electronics,Nothing Phone 3A Black 256GB,1,"5
Classy product
Value for money mobile, Camera quality awesome
Vipin Singh
Certified Buyer, Noida
6 months ago
835237","Certified Buyer, Noida",,Yes,https://www.flipkart.com/nothing-phone-3a-black-256-gb/product-reviews/itm49557c5a65f9c?pid=MOBH8G3PJJMGUFGH,2025-12-05 13:18:58,Phase 1,flipkart_all_reviews_20251205_132304.csv
84,Electronics,Nothing Phone 3A Black 256GB,1,"5
Excellent
Excellent phone. All things are really good. Specially for UI and camera I love this phone...
I'm very happy with NOTHING 😀
Vishal Kumar
Certified Buyer, Barauni
8 months ago
415113","Certified Buyer, Barauni",,Yes,https://www.flipkart.com/nothing-phone-3a-black-256-gb/product-reviews/itm49557c5a65f9c?pid=MOBH8G3PJJMGUFGH,2025-12-05 13:18:58,Phase 1,flipkart_all_reviews_20251205_132304.csv
85,Electronics,Nothing Phone 3A Black 256GB,1,"5
Simply awesome
Best Phone this Price 👌👌👍👍
Verma Ji
Certified Buyer, Hisar
7 months ago
1361411","Certified Buyer, Hisar",,Yes,https://www.flipkart.com/nothing-phone-3a-black-256-gb/product-reviews/itm49557c5a65f9c?pid=MOBH8G3PJJMGUFGH,2025-12-05 13:18:58,Phase 1,flipkart_all_reviews_20251205_132304.csv
86,Electronics,Nothing Phone 3A Black 256GB,1,"4
Good quality product
Nothing 3A is a Good phone Indeed...I bought nothing 3A for myself with my own earned money for around 18k ( I exchanged my 6 year old phone with it ) I am a casual gamer who plays 1-2 times rarely in a week gaming is decent ngl I haven't faced lag till now , battery backup is","Certified Buyer, Gangarampur",,Yes,https://www.flipkart.com/nothing-phone-3a-black-256-gb/product-reviews/itm49557c5a65f9c?pid=MOBH8G3PJJMGUFGH,2025-12-05 13:18:58,Phase 1,flipkart_all_reviews_20251205_132304.csv
87,Electronics,Nothing Phone 3A Black 256GB,1,"5
Must buy!
The camera is awesome, UI is simple and clean
Sandipan Debnath
Certified Buyer, Kanchrapara
8 months ago
1117342","Certified Buyer, Kanchrapara",,Yes,https://www.flipkart.com/nothing-phone-3a-black-256-gb/product-reviews/itm49557c5a65f9c?pid=MOBH8G3PJJMGUFGH,2025-12-05 13:18:58,Phase 1,flipkart_all_reviews_20251205_132304.csv
88,Electronics,Nothing Phone 3A Black 256GB,1,"5
Great product
Good eor
Flipkart Customer
Certified Buyer, Churu District
7 months ago
22759","Certified Buyer, Churu District",,Yes,https://www.flipkart.com/nothing-phone-3a-black-256-gb/product-reviews/itm49557c5a65f9c?pid=MOBH8G3PJJMGUFGH,2025-12-05 13:18:58,Phase 1,flipkart_all_reviews_20251205_132304.csv
89,Electronics,Nothing Phone 3A Black 256GB,1,"5
Wonderful
Purchased for my mother. Good phone
Shiva Shankar T D
Certified Buyer, Bengaluru
8 months ago
1196370","Certified Buyer, Bengaluru",,Yes,https://www.flipkart.com/nothing-phone-3a-black-256-gb/product-reviews/itm49557c5a65f9c?pid=MOBH8G3PJJMGUFGH,2025-12-05 13:18:58,Phase 1,flipkart_all_reviews_20251205_132304.csv
90,Electronics,Nothing Phone 3A Black 256GB,1,"4
Value-for-money
Photos and videos shoot are good in any angle and Design are built-in different, Which makes it even more amazing
Anmol Meena
Certified Buyer, North Guwahati
7 months ago
17644","Certified Buyer, North Guwahati",,Yes,https://www.flipkart.com/nothing-phone-3a-black-256-gb/product-reviews/itm49557c5a65f9c?pid=MOBH8G3PJJMGUFGH,2025-12-05 13:18:58,Phase 1,flipkart_all_reviews_20251205_132304.csv
91,Electronics,Google Pixel 10 Frost 256GB,1,"5
Mind-blowing purchase
Switched from iPhone 12 to Pixel 10. Worth the change
Vijayakumar G
Certified Buyer, Coimbatore
3 months ago
12030","Certified Buyer, Coimbatore",,Yes,https://www.flipkart.com/google-pixel-10-frost-256-gb/product-reviews/itm180af25bcc197?pid=MOBHEXHRXDGMF8XZ,2025-12-05 13:19:20,Phase 1,flipkart_all_reviews_20251205_132304.csv
92,Electronics,Google Pixel 10 Frost 256GB,1,"5
Just wow!
After using Pixel 4a for 5 years, I have been really impressed with the Pixel 10, the AI features are super useful, the camera quality is excellent, display is bright and smooth, wireless charging is convenient with magsafe, and the 7-year update promise gives real peace of mind.
It's al","Certified Buyer, Kalyan",,Yes,https://www.flipkart.com/google-pixel-10-frost-256-gb/product-reviews/itm180af25bcc197?pid=MOBHEXHRXDGMF8XZ,2025-12-05 13:19:20,Phase 1,flipkart_all_reviews_20251205_132304.csv
93,Electronics,Google Pixel 10 Frost 256GB,1,"5
Highly recommended
Captures crisp, detailed photos with excellent AI enhancements that feel natural and smart. Smooth performance and reliable speed make it great.
r c
Certified Buyer, Mumbai
2 months ago
5713","Certified Buyer, Mumbai",,Yes,https://www.flipkart.com/google-pixel-10-frost-256-gb/product-reviews/itm180af25bcc197?pid=MOBHEXHRXDGMF8XZ,2025-12-05 13:19:20,Phase 1,flipkart_all_reviews_20251205_132304.csv
94,Electronics,Google Pixel 10 Frost 256GB,1,"5
Highly recommended
Awesome.....
Kaushik Paul
Certified Buyer, Bengaluru
3 months ago
223","Certified Buyer, Bengaluru",,Yes,https://www.flipkart.com/google-pixel-10-frost-256-gb/product-reviews/itm180af25bcc197?pid=MOBHEXHRXDGMF8XZ,2025-12-05 13:19:20,Phase 1,flipkart_all_reviews_20251205_132304.csv
95,Electronics,Google Pixel 10 Frost 256GB,1,"5
Classy product
Received the phone a day earlier than promised, so the delivery and exchange experience was extremely wonderful. But there's no experience for unboxing as there's nothing else in the box apart from the phone and charging cable (no screen protection film on the phone as well).

Upgra","Certified Buyer, Bengaluru",,Yes,https://www.flipkart.com/google-pixel-10-frost-256-gb/product-reviews/itm180af25bcc197?pid=MOBHEXHRXDGMF8XZ,2025-12-05 13:19:20,Phase 1,flipkart_all_reviews_20251205_132304.csv
96,Electronics,Google Pixel 10 Frost 256GB,1,"5
Super!
Very nice camera,
phone is very fast ,
battery is also good.
9 out of 10.
Jayanta Brahma
Certified Buyer, Kolkata
2 months ago
4912","Certified Buyer, Kolkata",,Yes,https://www.flipkart.com/google-pixel-10-frost-256-gb/product-reviews/itm180af25bcc197?pid=MOBHEXHRXDGMF8XZ,2025-12-05 13:19:20,Phase 1,flipkart_all_reviews_20251205_132304.csv
97,Electronics,Google Pixel 10 Frost 256GB,1,"5
Must buy!
Got my phone today and this phone ticks several of the gaps seen in earlier devices like poor battery life, and severe heating (I've been a Pixel phone user for over 5 years (Pixel 4a and then Pixel 7).
Pros
- Inimitable clean Pixel OS experience
- Brilliant camera quality
- Optical zoom","Certified Buyer, Mumbai",- Decent battery life,Yes,https://www.flipkart.com/google-pixel-10-frost-256-gb/product-reviews/itm180af25bcc197?pid=MOBHEXHRXDGMF8XZ,2025-12-05 13:19:20,Phase 1,flipkart_all_reviews_20251205_132304.csv
98,Electronics,Google Pixel 10 Frost 256GB,1,"5
Mind-blowing purchase
Excellent performance according to price and pixel upgrades are awesome level.
ASHWINI KUMAR YADAV
Certified Buyer, Anantapur
3 months ago
9130","Certified Buyer, Anantapur",,Yes,https://www.flipkart.com/google-pixel-10-frost-256-gb/product-reviews/itm180af25bcc197?pid=MOBHEXHRXDGMF8XZ,2025-12-05 13:19:20,Phase 1,flipkart_all_reviews_20251205_132304.csv
99,Electronics,Google Pixel 10 Frost 256GB,1,"5
Mind-blowing purchase
Better than previously tensor g5 processor
Lakshman Prasad
Certified Buyer, Gorakhpur
3 months ago
228","Certified Buyer, Gorakhpur",,Yes,https://www.flipkart.com/google-pixel-10-frost-256-gb/product-reviews/itm180af25bcc197?pid=MOBHEXHRXDGMF8XZ,2025-12-05 13:19:20,Phase 1,flipkart_all_reviews_20251205_132304.csv
100,Electronics,Google Pixel 10 Frost 256GB,1,"5
Worth every penny
Awesome
Flipkart Customer
Certified Buyer, Pune
3 months ago
102","Certified Buyer, Pune",,Yes,https://www.flipkart.com/google-pixel-10-frost-256-gb/product-reviews/itm180af25bcc197?pid=MOBHEXHRXDGMF8XZ,2025-12-05 13:19:20,Phase 1,flipkart_all_reviews_20251205_132304.csv
101,Electronics,Poco C75 5G Aqua Bliss 64GB,1,"4
Worth the money
Good
Subhalaxmi Swain
Certified Buyer, Kendrapara
10 months ago
2652921","Certified Buyer, Kendrapara",,Yes,https://www.flipkart.com/poco-c75-5g-aqua-bliss-64-gb/product-reviews/itm10b3f6f1bc616?pid=MOBH7443MMBCWPPG,2025-12-05 13:19:44,Phase 1,flipkart_all_reviews_20251205_132304.csv
102,Electronics,Poco C75 5G Aqua Bliss 64GB,1,"4
Very Good
No back case and only 10W charger is provided. In description they mentioned 18W charger in box and back case also. Good for Parents.
Somisetty Pradeep
Certified Buyer, Hyderabad
11 months ago
2510947","Certified Buyer, Hyderabad",,Yes,https://www.flipkart.com/poco-c75-5g-aqua-bliss-64-gb/product-reviews/itm10b3f6f1bc616?pid=MOBH7443MMBCWPPG,2025-12-05 13:19:44,Phase 1,flipkart_all_reviews_20251205_132304.csv
103,Electronics,Poco C75 5G Aqua Bliss 64GB,1,"4
Good choice
Budget phone of 5g ... Jio 5g working but airtel5g not working..
Naseemuddin Sunna
Certified Buyer, Shorapur
10 months ago
533185","Certified Buyer, Shorapur",,Yes,https://www.flipkart.com/poco-c75-5g-aqua-bliss-64-gb/product-reviews/itm10b3f6f1bc616?pid=MOBH7443MMBCWPPG,2025-12-05 13:19:44,Phase 1,flipkart_all_reviews_20251205_132304.csv
104,Electronics,Poco C75 5G Aqua Bliss 64GB,1,"4
Really Nice
This price range mobile worth.
Flipkart Customer
Certified Buyer, Tiruchirappalli
11 months ago
14142","Certified Buyer, Tiruchirappalli",,Yes,https://www.flipkart.com/poco-c75-5g-aqua-bliss-64-gb/product-reviews/itm10b3f6f1bc616?pid=MOBH7443MMBCWPPG,2025-12-05 13:19:44,Phase 1,flipkart_all_reviews_20251205_132304.csv
105,Electronics,Poco C75 5G Aqua Bliss 64GB,1,"5
Great product
Only Best 5G smartphone with enough budget,loved it to gift my grandmother ☺️
Flipkart Customer
Certified Buyer, Visakhapatnam
11 months ago
35461163","Certified Buyer, Visakhapatnam",,Yes,https://www.flipkart.com/poco-c75-5g-aqua-bliss-64-gb/product-reviews/itm10b3f6f1bc616?pid=MOBH7443MMBCWPPG,2025-12-05 13:19:44,Phase 1,flipkart_all_reviews_20251205_132304.csv
106,Electronics,Poco C75 5G Aqua Bliss 64GB,1,"5
Best in the market!
In This price phone is also good for free fire
arti kumari
Certified Buyer, Motihari
8 months ago
9321","Certified Buyer, Motihari",,Yes,https://www.flipkart.com/poco-c75-5g-aqua-bliss-64-gb/product-reviews/itm10b3f6f1bc616?pid=MOBH7443MMBCWPPG,2025-12-05 13:19:44,Phase 1,flipkart_all_reviews_20251205_132304.csv
107,Electronics,Poco C75 5G Aqua Bliss 64GB,1,"5
Classy product
Design is amazing 😍🤩😍.
Camera is decent🥰🥰🥰.
Picture quality is amazing 😍🤩
Sudarshan
Certified Buyer, Rosera
11 months ago
1049348","Certified Buyer, Rosera",,Yes,https://www.flipkart.com/poco-c75-5g-aqua-bliss-64-gb/product-reviews/itm10b3f6f1bc616?pid=MOBH7443MMBCWPPG,2025-12-05 13:19:44,Phase 1,flipkart_all_reviews_20251205_132304.csv
108,Electronics,Poco C75 5G Aqua Bliss 64GB,1,"4
Good choice
Everything is good but 5g only work with Jio SIM i didn't understand this logic so you have to use jio sim and no phone case with unknown whatt charger idk why btw go ahead it's good for parents.....
Ayushi shreevastava
Certified Buyer, Jainagar
11 months ago
7622","Certified Buyer, Jainagar",,Yes,https://www.flipkart.com/poco-c75-5g-aqua-bliss-64-gb/product-reviews/itm10b3f6f1bc616?pid=MOBH7443MMBCWPPG,2025-12-05 13:19:44,Phase 1,flipkart_all_reviews_20251205_132304.csv
109,Electronics,Poco C75 5G Aqua Bliss 64GB,1,"3
Just okay
Good 😊👍
Pavan Kumar
Certified Buyer, Vaishali District
8 months ago
15032","Certified Buyer, Vaishali District",,Yes,https://www.flipkart.com/poco-c75-5g-aqua-bliss-64-gb/product-reviews/itm10b3f6f1bc616?pid=MOBH7443MMBCWPPG,2025-12-05 13:19:44,Phase 1,flipkart_all_reviews_20251205_132304.csv
110,Electronics,Poco C75 5G Aqua Bliss 64GB,1,"5
Terrific purchase
Whether gaming or streaming, the display delivers every time. The refresh rate is smooth, and the colors pop beautifully. Its acutely great for an LCD display
Flipkart Customer
Certified Buyer, Gurugram
11 months ago
5713","Certified Buyer, Gurugram",,Yes,https://www.flipkart.com/poco-c75-5g-aqua-bliss-64-gb/product-reviews/itm10b3f6f1bc616?pid=MOBH7443MMBCWPPG,2025-12-05 13:19:44,Phase 1,flipkart_all_reviews_20251205_132304.csv
111,Electronics,HP Intel Core i3 13th Gen Laptop,1,"5
Terrific
Good
Nuruddin Ahmed
Certified Buyer, Suri
4 months ago
245","Certified Buyer, Suri",,Yes,https://www.flipkart.com/hp-intel-core-i3-13th-gen-1315u-8-gb-512-gb-ssd-windows-11-home-15-fd0568tu-thin-light-laptop/product-reviews/itm033c840630887?pid=COMHBFRJZKHTQSKM,2025-12-05 13:20:09,Phase 1,flipkart_all_reviews_20251205_132304.csv
112,Electronics,HP Intel Core i3 13th Gen Laptop,1,"5
Fabulous!
Excellent 👌👍
Vishaal Saurrav
Certified Buyer, Bengaluru Rural District
4 days ago
20","Certified Buyer, Bengaluru Rural District",4 days ago,Yes,https://www.flipkart.com/hp-intel-core-i3-13th-gen-1315u-8-gb-512-gb-ssd-windows-11-home-15-fd0568tu-thin-light-laptop/product-reviews/itm033c840630887?pid=COMHBFRJZKHTQSKM,2025-12-05 13:20:09,Phase 1,flipkart_all_reviews_20251205_132304.csv
113,Electronics,HP Intel Core i3 13th Gen Laptop,1,"5
Perfect product!
This product is nice good many for product is
Anjit Kushwaha
Certified Buyer, Purba Champaran District
29 days ago
10","Certified Buyer, Purba Champaran District",29 days ago,Yes,https://www.flipkart.com/hp-intel-core-i3-13th-gen-1315u-8-gb-512-gb-ssd-windows-11-home-15-fd0568tu-thin-light-laptop/product-reviews/itm033c840630887?pid=COMHBFRJZKHTQSKM,2025-12-05 13:20:09,Phase 1,flipkart_all_reviews_20251205_132304.csv
114,Electronics,HP Intel Core i3 13th Gen Laptop,1,"3
Nice
Flipkart cheat with me showing backlit keyboard in this product
But overall battery and laptop work ability is good no doubt.
But in future I shared more details and experience in this laptop.thank you
Chinmay Sethi
Certified Buyer, Jaleshwar
1 month ago
10","Certified Buyer, Jaleshwar",1 month ago,Yes,https://www.flipkart.com/hp-intel-core-i3-13th-gen-1315u-8-gb-512-gb-ssd-windows-11-home-15-fd0568tu-thin-light-laptop/product-reviews/itm033c840630887?pid=COMHBFRJZKHTQSKM,2025-12-05 13:20:09,Phase 1,flipkart_all_reviews_20251205_132304.csv
115,Electronics,HP Intel Core i3 13th Gen Laptop,1,"5
Fabulous!
Satisfied purchase... Very good porfamance... Worth for money... 🤝
Flipkart Customer
Certified Buyer, Arani Tiruvannamalai District
1 day ago
00","Certified Buyer, Arani Tiruvannamalai District",,Yes,https://www.flipkart.com/hp-intel-core-i3-13th-gen-1315u-8-gb-512-gb-ssd-windows-11-home-15-fd0568tu-thin-light-laptop/product-reviews/itm033c840630887?pid=COMHBFRJZKHTQSKM,2025-12-05 13:20:09,Phase 1,flipkart_all_reviews_20251205_132304.csv
116,Electronics,HP Intel Core i3 13th Gen Laptop,1,"4
Very Good
good product but
Flipkart cheat with me showing backlit keyboard in this product
sachin Kadu
Certified Buyer, Genesis Industrial Township
6 days ago
00","Certified Buyer, Genesis Industrial Township",6 days ago,Yes,https://www.flipkart.com/hp-intel-core-i3-13th-gen-1315u-8-gb-512-gb-ssd-windows-11-home-15-fd0568tu-thin-light-laptop/product-reviews/itm033c840630887?pid=COMHBFRJZKHTQSKM,2025-12-05 13:20:09,Phase 1,flipkart_all_reviews_20251205_132304.csv
117,Electronics,Dell Vostro 3530 Intel Core i5 Laptop,1,"3
Decent product
Don't buy any laptop from Flipkart,
MURALI REDDY
Certified Buyer, Bangarpet
1 month ago
8115","Certified Buyer, Bangarpet",Decent product,Yes,https://www.flipkart.com/dell-15-intel-core-i5-13th-gen-16-gb-512-gb-ssd-windows-11-home-vostro-3530-rpl-laptop/product-reviews/itm131ebb1b7cdce?pid=COMHBG6HU7GJGR8G,2025-12-05 13:20:31,Phase 1,flipkart_all_reviews_20251205_132304.csv
118,Electronics,Dell Vostro 3530 Intel Core i5 Laptop,1,"5
Simply awesome
This Laptop Very Very Good 👍
Raju Soni
Certified Buyer, Devipatan Division
1 month ago
50","Certified Buyer, Devipatan Division",1 month ago,Yes,https://www.flipkart.com/dell-15-intel-core-i5-13th-gen-16-gb-512-gb-ssd-windows-11-home-vostro-3530-rpl-laptop/product-reviews/itm131ebb1b7cdce?pid=COMHBG6HU7GJGR8G,2025-12-05 13:20:31,Phase 1,flipkart_all_reviews_20251205_132304.csv
119,Electronics,Dell Vostro 3530 Intel Core i5 Laptop,1,"4
Nice product
Good
Bir bahadur Singh
Certified Buyer, Sahibzada Ajit Singh Nagar District
1 month ago
40","Certified Buyer, Sahibzada Ajit Singh Nagar District",1 month ago,Yes,https://www.flipkart.com/dell-15-intel-core-i5-13th-gen-16-gb-512-gb-ssd-windows-11-home-vostro-3530-rpl-laptop/product-reviews/itm131ebb1b7cdce?pid=COMHBG6HU7GJGR8G,2025-12-05 13:20:31,Phase 1,flipkart_all_reviews_20251205_132304.csv
120,Electronics,Dell Vostro 3530 Intel Core i5 Laptop,1,"4
Nice product
Good Product in this budget
Daravath Devendar
Certified Buyer, Hyderabad
2 months ago
40","Certified Buyer, Hyderabad",,Yes,https://www.flipkart.com/dell-15-intel-core-i5-13th-gen-16-gb-512-gb-ssd-windows-11-home-vostro-3530-rpl-laptop/product-reviews/itm131ebb1b7cdce?pid=COMHBG6HU7GJGR8G,2025-12-05 13:20:31,Phase 1,flipkart_all_reviews_20251205_132304.csv
121,Electronics,Dell Vostro 3530 Intel Core i5 Laptop,1,"5
Classy product
Excellent
Pradeep Mishra
Certified Buyer, Faridabad
2 months ago
239","Certified Buyer, Faridabad",,Yes,https://www.flipkart.com/dell-15-intel-core-i5-13th-gen-16-gb-512-gb-ssd-windows-11-home-vostro-3530-rpl-laptop/product-reviews/itm131ebb1b7cdce?pid=COMHBG6HU7GJGR8G,2025-12-05 13:20:31,Phase 1,flipkart_all_reviews_20251205_132304.csv
122,Electronics,Dell Vostro 3530 Intel Core i5 Laptop,1,"3
Just okay
Battery heat. No keyboard backlit
Flipkart Customer
Certified Buyer, Chennai
3 months ago
209","Certified Buyer, Chennai",,Yes,https://www.flipkart.com/dell-15-intel-core-i5-13th-gen-16-gb-512-gb-ssd-windows-11-home-vostro-3530-rpl-laptop/product-reviews/itm131ebb1b7cdce?pid=COMHBG6HU7GJGR8G,2025-12-05 13:20:31,Phase 1,flipkart_all_reviews_20251205_132304.csv
123,Electronics,Dell Vostro 3530 Intel Core i5 Laptop,1,"5
Just wow!
Good value for money
Venkatesh Pawar
Certified Buyer, Chennai
3 months ago
2819","Certified Buyer, Chennai",,Yes,https://www.flipkart.com/dell-15-intel-core-i5-13th-gen-16-gb-512-gb-ssd-windows-11-home-vostro-3530-rpl-laptop/product-reviews/itm131ebb1b7cdce?pid=COMHBG6HU7GJGR8G,2025-12-05 13:20:31,Phase 1,flipkart_all_reviews_20251205_132304.csv
124,Electronics,Dell Vostro 3530 Intel Core i5 Laptop,1,"5
Best in the market!
Good laptop best performance
Surendra Sharma
Certified Buyer, Indian Tehephone Industry Mankapur
1 month ago
30","Certified Buyer, Indian Tehephone Industry Mankapur",1 month ago,Yes,https://www.flipkart.com/dell-15-intel-core-i5-13th-gen-16-gb-512-gb-ssd-windows-11-home-vostro-3530-rpl-laptop/product-reviews/itm131ebb1b7cdce?pid=COMHBG6HU7GJGR8G,2025-12-05 13:20:31,Phase 1,flipkart_all_reviews_20251205_132304.csv
125,Electronics,Dell Vostro 3530 Intel Core i5 Laptop,1,"5
Worth every penny
Good quality and quick service by Dell
Louis Nadar
Certified Buyer, Mumbai
3 months ago
126","Certified Buyer, Mumbai",,Yes,https://www.flipkart.com/dell-15-intel-core-i5-13th-gen-16-gb-512-gb-ssd-windows-11-home-vostro-3530-rpl-laptop/product-reviews/itm131ebb1b7cdce?pid=COMHBG6HU7GJGR8G,2025-12-05 13:20:31,Phase 1,flipkart_all_reviews_20251205_132304.csv
126,Electronics,Dell Vostro 3530 Intel Core i5 Laptop,1,"5
Terrific
Nice product
Prasad Pansambal
Certified Buyer, Mumbai
20 days ago
20","Certified Buyer, Mumbai",20 days ago,Yes,https://www.flipkart.com/dell-15-intel-core-i5-13th-gen-16-gb-512-gb-ssd-windows-11-home-vostro-3530-rpl-laptop/product-reviews/itm131ebb1b7cdce?pid=COMHBG6HU7GJGR8G,2025-12-05 13:20:31,Phase 1,flipkart_all_reviews_20251205_132304.csv
127,Electronics,Lenovo Chromebook Mediatek Kompanio 520,1,"5
Awesome
I'm giving a review for this product after a year of using it. Worth the money. No, lag. Also tried developer mode for linux. Works fine.
Flipkart Customer
Certified Buyer, Chennai
7 months ago
475","Certified Buyer, Chennai",,Yes,https://www.flipkart.com/lenovo-chromebook-mediatek-kompanio-520-4-gb-128-gb-emmc-storage-chrome-os-14m868/product-reviews/itm4dc67999fe3de?pid=COMGSYYSHRSUEGMG,2025-12-05 13:20:53,Phase 1,flipkart_all_reviews_20251205_132304.csv
128,Electronics,Lenovo Chromebook Mediatek Kompanio 520,1,"4
Good quality product
Good product
Lenovo Chromebook
Battery - 9h
YouTube Videos - 4k 2160 60 FPS
Camera - HD
USB port - 1
Charging port - C type 45 W
SD card - yes
Microsoft support
Normal game support
Pubg free fire support but not working
Display size 14 inch
Performance good condition
Dual spea","Certified Buyer, Berhampore",,Yes,https://www.flipkart.com/lenovo-chromebook-mediatek-kompanio-520-4-gb-128-gb-emmc-storage-chrome-os-14m868/product-reviews/itm4dc67999fe3de?pid=COMGSYYSHRSUEGMG,2025-12-05 13:20:53,Phase 1,flipkart_all_reviews_20251205_132304.csv
129,Electronics,Lenovo Chromebook Mediatek Kompanio 520,1,"3
Does the job
Display is 720p HD not 1080p FullHD. Careful.
Aniket Singh
Certified Buyer, Bahadurgarh
Mar, 2024
514131","Certified Buyer, Bahadurgarh","Mar, 2024",Yes,https://www.flipkart.com/lenovo-chromebook-mediatek-kompanio-520-4-gb-128-gb-emmc-storage-chrome-os-14m868/product-reviews/itm4dc67999fe3de?pid=COMGSYYSHRSUEGMG,2025-12-05 13:20:53,Phase 1,flipkart_all_reviews_20251205_132304.csv
130,Electronics,Lenovo Chromebook Mediatek Kompanio 520,1,"5
Terrific
Good 😊
Mateen Singariya
Certified Buyer, Gurugram
Mar, 2024
25560","Certified Buyer, Gurugram","Mar, 2024",Yes,https://www.flipkart.com/lenovo-chromebook-mediatek-kompanio-520-4-gb-128-gb-emmc-storage-chrome-os-14m868/product-reviews/itm4dc67999fe3de?pid=COMGSYYSHRSUEGMG,2025-12-05 13:20:53,Phase 1,flipkart_all_reviews_20251205_132304.csv
131,Electronics,Lenovo Chromebook Mediatek Kompanio 520,1,"5
Just wow!
Worth it
Siddhant Singh
Certified Buyer, Gorakhpur
Apr, 2024
253","Certified Buyer, Gorakhpur","Apr, 2024",Yes,https://www.flipkart.com/lenovo-chromebook-mediatek-kompanio-520-4-gb-128-gb-emmc-storage-chrome-os-14m868/product-reviews/itm4dc67999fe3de?pid=COMGSYYSHRSUEGMG,2025-12-05 13:20:53,Phase 1,flipkart_all_reviews_20251205_132304.csv
132,Electronics,Lenovo Chromebook Mediatek Kompanio 520,1,"5
Super!
Just Wow! Got it under deal. If you need a laptop just for internet, then great
Flipkart Customer
Certified Buyer, Kanpur
Feb, 2024
16651","Certified Buyer, Kanpur","Feb, 2024",Yes,https://www.flipkart.com/lenovo-chromebook-mediatek-kompanio-520-4-gb-128-gb-emmc-storage-chrome-os-14m868/product-reviews/itm4dc67999fe3de?pid=COMGSYYSHRSUEGMG,2025-12-05 13:20:53,Phase 1,flipkart_all_reviews_20251205_132304.csv
133,Electronics,Lenovo Chromebook Mediatek Kompanio 520,1,"5
Mind-blowing purchase
Battery - 5/5
Display - 5/5
Sound - 5/5
Battery backup upto 12 hour
Best for study
Performance 5/5
Value for money
Under 13800/-
8/128gb

Thanks flipkart

Love from ODISHA
Sahil Khan
Certified Buyer, Jatni
6 months ago
223","Certified Buyer, Jatni",,Yes,https://www.flipkart.com/lenovo-chromebook-mediatek-kompanio-520-4-gb-128-gb-emmc-storage-chrome-os-14m868/product-reviews/itm4dc67999fe3de?pid=COMGSYYSHRSUEGMG,2025-12-05 13:20:53,Phase 1,flipkart_all_reviews_20251205_132304.csv
134,Electronics,Lenovo Chromebook Mediatek Kompanio 520,1,"5
Classy product
Nice 👍
Affordable
very much nice 👍👍👍👍👍 look is so premium... And slim buy it .. you can play 4k video
Flipkart Customer
Certified Buyer, Prayagraj
Nov, 2024
5715","Certified Buyer, Prayagraj","Nov, 2024",Yes,https://www.flipkart.com/lenovo-chromebook-mediatek-kompanio-520-4-gb-128-gb-emmc-storage-chrome-os-14m868/product-reviews/itm4dc67999fe3de?pid=COMGSYYSHRSUEGMG,2025-12-05 13:20:53,Phase 1,flipkart_all_reviews_20251205_132304.csv
135,Electronics,Lenovo Chromebook Mediatek Kompanio 520,1,"5
Great product
I wasn't very satisfied with the kind of display, the keyboard and the touchpad, aren't up to the mark.

But value for money nice performance, storage...
Flipkart Customer
Certified Buyer, Katni
Apr, 2024
255","Certified Buyer, Katni","Apr, 2024",Yes,https://www.flipkart.com/lenovo-chromebook-mediatek-kompanio-520-4-gb-128-gb-emmc-storage-chrome-os-14m868/product-reviews/itm4dc67999fe3de?pid=COMGSYYSHRSUEGMG,2025-12-05 13:20:53,Phase 1,flipkart_all_reviews_20251205_132304.csv
136,Electronics,Lenovo Chromebook Mediatek Kompanio 520,1,"5
Awesome
Good 👍
Flipkart Customer
Certified Buyer
9 months ago
111",Certified Buyer,,Yes,https://www.flipkart.com/lenovo-chromebook-mediatek-kompanio-520-4-gb-128-gb-emmc-storage-chrome-os-14m868/product-reviews/itm4dc67999fe3de?pid=COMGSYYSHRSUEGMG,2025-12-05 13:20:53,Phase 1,flipkart_all_reviews_20251205_132304.csv
137,Electronics,Apple MacBook Air M4 16GB 256GB,1,"5
Simply awesome
Heres the breakdown :

1. Battery - 10/10

2. Screen - 10/10, I'm coming from a 180hz Display on my PC and 120Hz from my phone, but I didn't at all feel any issues with the 60hz screen. The software is so well optimized, it feels even smoother than 120hz. Brightness is awesome, colo","Certified Buyer, Bengaluru",,Yes,https://www.flipkart.com/apple-macbook-air-m4-16-gb-256-gb-ssd-macos-sequoia-mw0y3hn-a/product-reviews/itmad81d112ad068?pid=COMH9ZWQXZHDDRGZ,2025-12-05 13:21:19,Phase 1,flipkart_all_reviews_20251205_132304.csv
138,Electronics,Apple MacBook Air M4 16GB 256GB,1,"5
Terrific purchase
Best MacBook for most ppl. With 16gb starting this is 100% paisa vasool for performance.
Madan Vivekanandan
Certified Buyer, Chennai
8 months ago
19258","Certified Buyer, Chennai",,Yes,https://www.flipkart.com/apple-macbook-air-m4-16-gb-256-gb-ssd-macos-sequoia-mw0y3hn-a/product-reviews/itmad81d112ad068?pid=COMH9ZWQXZHDDRGZ,2025-12-05 13:21:19,Phase 1,flipkart_all_reviews_20251205_132304.csv
139,Electronics,Apple MacBook Air M4 16GB 256GB,1,"5
Wonderful
Macbook Air is remarkably thin, M4 performance is superb no leg observed.The newly launched sky blue colour looks stunning,
Rohit Garg
Certified Buyer, Kishangarh Ajmer District
7 months ago
233","Certified Buyer, Kishangarh Ajmer District",,Yes,https://www.flipkart.com/apple-macbook-air-m4-16-gb-256-gb-ssd-macos-sequoia-mw0y3hn-a/product-reviews/itmad81d112ad068?pid=COMH9ZWQXZHDDRGZ,2025-12-05 13:21:19,Phase 1,flipkart_all_reviews_20251205_132304.csv
140,Electronics,Apple MacBook Air M4 16GB 256GB,1,"5
Must buy!
One word, Amazing!
Tanmay Sarkar
Certified Buyer, South Twenty Four Parganas District
6 months ago
357","Certified Buyer, South Twenty Four Parganas District",,Yes,https://www.flipkart.com/apple-macbook-air-m4-16-gb-256-gb-ssd-macos-sequoia-mw0y3hn-a/product-reviews/itmad81d112ad068?pid=COMH9ZWQXZHDDRGZ,2025-12-05 13:21:19,Phase 1,flipkart_all_reviews_20251205_132304.csv
141,Electronics,Apple MacBook Air M4 16GB 256GB,1,"5
Classy product
Amazing Product and powerful performance M4 Air 🔥🔥🔥🔥
nayan bhatti
Certified Buyer, Surat
8 months ago
10532","Certified Buyer, Surat",,Yes,https://www.flipkart.com/apple-macbook-air-m4-16-gb-256-gb-ssd-macos-sequoia-mw0y3hn-a/product-reviews/itmad81d112ad068?pid=COMH9ZWQXZHDDRGZ,2025-12-05 13:21:19,Phase 1,flipkart_all_reviews_20251205_132304.csv
142,Electronics,Apple MacBook Air M4 16GB 256GB,1,"5
Excellent
Mind Blowing product . Best for Android and ios development. As well as web and game dev . Best for penetration testing. Video quality 👌. Best device for professional software engineers
Avik Das
Certified Buyer, Gobardanga
7 months ago
245","Certified Buyer, Gobardanga",,Yes,https://www.flipkart.com/apple-macbook-air-m4-16-gb-256-gb-ssd-macos-sequoia-mw0y3hn-a/product-reviews/itmad81d112ad068?pid=COMH9ZWQXZHDDRGZ,2025-12-05 13:21:19,Phase 1,flipkart_all_reviews_20251205_132304.csv
143,Electronics,Apple MacBook Air M4 16GB 256GB,1,"4
Good quality product
Those who are looking for windows gaming please drop this option with this mac configuration
Rushikesh Udawant
Certified Buyer, New Delhi
6 months ago
203","Certified Buyer, New Delhi",,Yes,https://www.flipkart.com/apple-macbook-air-m4-16-gb-256-gb-ssd-macos-sequoia-mw0y3hn-a/product-reviews/itmad81d112ad068?pid=COMH9ZWQXZHDDRGZ,2025-12-05 13:21:19,Phase 1,flipkart_all_reviews_20251205_132304.csv
144,Electronics,Apple MacBook Air M4 16GB 256GB,1,"5
Best in the market!
Product came in good packaging 📦.
M4 Air first impression was awesome. Pre-order deal was a steal deal and great value for money.
Sasikumar K
Certified Buyer, Bangalore
8 months ago
4212","Certified Buyer, Bangalore",,Yes,https://www.flipkart.com/apple-macbook-air-m4-16-gb-256-gb-ssd-macos-sequoia-mw0y3hn-a/product-reviews/itmad81d112ad068?pid=COMH9ZWQXZHDDRGZ,2025-12-05 13:21:19,Phase 1,flipkart_all_reviews_20251205_132304.csv
145,Electronics,Apple MacBook Air M4 16GB 256GB,1,"5
Great product
No one can beat this 😍
Pradeep Singh
Certified Buyer, Porvorim
6 months ago
70","Certified Buyer, Porvorim",,Yes,https://www.flipkart.com/apple-macbook-air-m4-16-gb-256-gb-ssd-macos-sequoia-mw0y3hn-a/product-reviews/itmad81d112ad068?pid=COMH9ZWQXZHDDRGZ,2025-12-05 13:21:19,Phase 1,flipkart_all_reviews_20251205_132304.csv
146,Electronics,Apple MacBook Air M4 16GB 256GB,1,"5
Simply awesome
The blue colour looks awesome also make it different from m2 and m3.
Flipkart Customer
Certified Buyer, Indore
5 months ago
6226","Certified Buyer, Indore",,Yes,https://www.flipkart.com/apple-macbook-air-m4-16-gb-256-gb-ssd-macos-sequoia-mw0y3hn-a/product-reviews/itmad81d112ad068?pid=COMH9ZWQXZHDDRGZ,2025-12-05 13:21:19,Phase 1,flipkart_all_reviews_20251205_132304.csv
147,Electronics,Samsung Galaxy Book4 Intel Core i3,1,"5
Highly recommended
Pros :

Intel core i3 13th gen - Superb performance and booting within seconds.
Display - Cristal Clear display.
Design - Metallic body, Very slim and light weight. Feels like a premium laptop.
Battery - Fast charging and good battery backup. C type charger.
Samsung applications","Certified Buyer, Thiruvananthapuram","Oct, 2024",Yes,https://www.flipkart.com/samsung-galaxy-book4-metal-intel-core-i3-13th-gen-1315u-8-gb-512-gb-ssd-windows-11-home-np750xgj-lg9in-thin-light-laptop/product-reviews/itmc29d559898e6f?pid=COMH4Y6KKRC9YSWE,2025-12-05 13:21:45,Phase 1,flipkart_all_reviews_20251205_132304.csv
148,Electronics,Samsung Galaxy Book4 Intel Core i3,1,"5
Fabulous!
Very good product
Raushan Kumar
Certified Buyer, Arwal District
Oct, 2024
1292247","Certified Buyer, Arwal District","Oct, 2024",Yes,https://www.flipkart.com/samsung-galaxy-book4-metal-intel-core-i3-13th-gen-1315u-8-gb-512-gb-ssd-windows-11-home-np750xgj-lg9in-thin-light-laptop/product-reviews/itmc29d559898e6f?pid=COMH4Y6KKRC9YSWE,2025-12-05 13:21:45,Phase 1,flipkart_all_reviews_20251205_132304.csv
149,Electronics,Samsung Galaxy Book4 Intel Core i3,1,"5
Brilliant
Needed a basic laptop , After lot of visits to showrooms and getting quotes , took a leap of faith on book 4 ,i3 version, eventhough I haven't seen it in person and when it arrived , it looked and felt stunning , Display is top notch , slim profile looked premium,backlit keyboard and fin","Certified Buyer, Karur District","Oct, 2024",Yes,https://www.flipkart.com/samsung-galaxy-book4-metal-intel-core-i3-13th-gen-1315u-8-gb-512-gb-ssd-windows-11-home-np750xgj-lg9in-thin-light-laptop/product-reviews/itmc29d559898e6f?pid=COMH4Y6KKRC9YSWE,2025-12-05 13:21:45,Phase 1,flipkart_all_reviews_20251205_132304.csv
150,Electronics,Samsung Galaxy Book4 Intel Core i3,1,"5
Simply awesome
Battery too good, It Feels Premium😍, If you are looking for it .
just go for it.
Overall no competition 🔥🔥🔥
All specification are too much Good 😇🤩
# Fingerprints available ✅️✔️
#Back-lit keyboard available ✅️✔️
DIBAKAR ROY
Certified Buyer, Kaliaganj
Sep, 2024
42373","Certified Buyer, Kaliaganj","Sep, 2024",Yes,https://www.flipkart.com/samsung-galaxy-book4-metal-intel-core-i3-13th-gen-1315u-8-gb-512-gb-ssd-windows-11-home-np750xgj-lg9in-thin-light-laptop/product-reviews/itmc29d559898e6f?pid=COMH4Y6KKRC9YSWE,2025-12-05 13:21:45,Phase 1,flipkart_all_reviews_20251205_132304.csv
151,Electronics,Samsung Galaxy Book4 Intel Core i3,1,"4
Good quality product
Only problem is You can't upgrade ram.
Other wise best in i3 segment.
Bikash Jena
Certified Buyer, Kullada
Oct, 2024
22639","Certified Buyer, Kullada","Oct, 2024",Yes,https://www.flipkart.com/samsung-galaxy-book4-metal-intel-core-i3-13th-gen-1315u-8-gb-512-gb-ssd-windows-11-home-np750xgj-lg9in-thin-light-laptop/product-reviews/itmc29d559898e6f?pid=COMH4Y6KKRC9YSWE,2025-12-05 13:21:45,Phase 1,flipkart_all_reviews_20251205_132304.csv
152,Electronics,Samsung Galaxy Book4 Intel Core i3,1,"5
Terrific
Awesome 👍🏻
Piyush kumar Rishu
Certified Buyer, Hazaribagh
Oct, 2024
19330","Certified Buyer, Hazaribagh","Oct, 2024",Yes,https://www.flipkart.com/samsung-galaxy-book4-metal-intel-core-i3-13th-gen-1315u-8-gb-512-gb-ssd-windows-11-home-np750xgj-lg9in-thin-light-laptop/product-reviews/itmc29d559898e6f?pid=COMH4Y6KKRC9YSWE,2025-12-05 13:21:45,Phase 1,flipkart_all_reviews_20251205_132304.csv
153,Electronics,Samsung Galaxy Book4 Intel Core i3,1,"4
A Budget-Friendly Powerhouse
So, after lot of searching and searching, finally, I purchased this Book4 I3 Variant.
Since, I have a galaxy S23, a tab S9FE Plus, a Galaxy watch 4 Classic, a Galaxy Buds, I had no other options rather that this Galaxy Book.
With all my stated products, everyone can no","Certified Buyer, Kolkata","Sep, 2024",Yes,https://www.flipkart.com/samsung-galaxy-book4-metal-intel-core-i3-13th-gen-1315u-8-gb-512-gb-ssd-windows-11-home-np750xgj-lg9in-thin-light-laptop/product-reviews/itmc29d559898e6f?pid=COMH4Y6KKRC9YSWE,2025-12-05 13:21:45,Phase 1,flipkart_all_reviews_20251205_132304.csv
154,Electronics,Samsung Galaxy Book4 Intel Core i3,1,"5
Terrific purchase
Best go with out a doubt
Akhil Bollineni
Certified Buyer, Nellore
Oct, 2024
19534","Certified Buyer, Nellore","Oct, 2024",Yes,https://www.flipkart.com/samsung-galaxy-book4-metal-intel-core-i3-13th-gen-1315u-8-gb-512-gb-ssd-windows-11-home-np750xgj-lg9in-thin-light-laptop/product-reviews/itmc29d559898e6f?pid=COMH4Y6KKRC9YSWE,2025-12-05 13:21:45,Phase 1,flipkart_all_reviews_20251205_132304.csv
155,Electronics,Samsung Galaxy Book4 Intel Core i3,1,"5
Just wow!
Very nice product.
Joseph Marandi
Certified Buyer, Purnia
Sep, 2024
16835","Certified Buyer, Purnia",Joseph Marandi,Yes,https://www.flipkart.com/samsung-galaxy-book4-metal-intel-core-i3-13th-gen-1315u-8-gb-512-gb-ssd-windows-11-home-np750xgj-lg9in-thin-light-laptop/product-reviews/itmc29d559898e6f?pid=COMH4Y6KKRC9YSWE,2025-12-05 13:21:45,Phase 1,flipkart_all_reviews_20251205_132304.csv
156,Electronics,Samsung Galaxy Book4 Intel Core i3,1,"5
Mind-blowing purchase
Build Quality ✅️
Display ✅️
Battery ✅️ Normal Uses 4 ~ 5Hour, With Moderate use 3 ~ 4H
Sound ☑️ Overall Good ( Same as Typical Laptop Sound, No Bass And little Low Sound)
Performance ✅️ ( For day to day task like Office work, MS Office Apps, Media Consumption, Banking purpose","Certified Buyer, Surat",,Yes,https://www.flipkart.com/samsung-galaxy-book4-metal-intel-core-i3-13th-gen-1315u-8-gb-512-gb-ssd-windows-11-home-np750xgj-lg9in-thin-light-laptop/product-reviews/itmc29d559898e6f?pid=COMH4Y6KKRC9YSWE,2025-12-05 13:21:45,Phase 1,flipkart_all_reviews_20251205_132304.csv
157,Electronics,Boat Rockerz 425 Bluetooth Headphones,1,"4
Nice product
1. sound 8/10
2. Bass theak hai 5/10
3. battery backup love it 9/10
4. Desine 8/10
5. Comfort good 8/10
Aashib Khan
Certified Buyer, Aligarh
Feb, 2024
605155","Certified Buyer, Aligarh","Feb, 2024",Yes,https://www.flipkart.com/boat-rockerz-425-25h-battery-beast-mode-enx-dual-pair-stream-ad-free-music-via-app-bluetooth/product-reviews/itme2d3b64d9891b?pid=ACCG8MXCJKCFHA7X,2025-12-05 13:22:11,Phase 1,flipkart_all_reviews_20251205_132304.csv
158,Electronics,Boat Rockerz 425 Bluetooth Headphones,1,"5
Just wow!
Very nice product Worth it...❤️❤️
Asif Pasha B
Certified Buyer, Bidadi Industrial Area
May, 2024
543124","Certified Buyer, Bidadi Industrial Area","May, 2024",Yes,https://www.flipkart.com/boat-rockerz-425-25h-battery-beast-mode-enx-dual-pair-stream-ad-free-music-via-app-bluetooth/product-reviews/itme2d3b64d9891b?pid=ACCG8MXCJKCFHA7X,2025-12-05 13:22:11,Phase 1,flipkart_all_reviews_20251205_132304.csv
159,Electronics,Boat Rockerz 425 Bluetooth Headphones,1,"5
Simply awesome
Good product value for money
Kannum pootti vaangaam
Thanveer
Certified Buyer, Malappuram District
6 months ago
8815","Certified Buyer, Malappuram District",,Yes,https://www.flipkart.com/boat-rockerz-425-25h-battery-beast-mode-enx-dual-pair-stream-ad-free-music-via-app-bluetooth/product-reviews/itme2d3b64d9891b?pid=ACCG8MXCJKCFHA7X,2025-12-05 13:22:11,Phase 1,flipkart_all_reviews_20251205_132304.csv
160,Electronics,Boat Rockerz 425 Bluetooth Headphones,1,"5
Excellent
The colour ✨,the product 🍸, loved it 🤸🏻
Mahek Lathiya
Certified Buyer, Surat District
Oct, 2024
16840","Certified Buyer, Surat District","Oct, 2024",Yes,https://www.flipkart.com/boat-rockerz-425-25h-battery-beast-mode-enx-dual-pair-stream-ad-free-music-via-app-bluetooth/product-reviews/itme2d3b64d9891b?pid=ACCG8MXCJKCFHA7X,2025-12-05 13:22:11,Phase 1,flipkart_all_reviews_20251205_132304.csv
161,Electronics,Boat Rockerz 425 Bluetooth Headphones,1,"5
Best in the market!
Nice product I am happy with product. Go for it
Janvi Gajane
Certified Buyer, Navi Mumbai
Jan, 2024
14237","Certified Buyer, Navi Mumbai",Janvi Gajane,Yes,https://www.flipkart.com/boat-rockerz-425-25h-battery-beast-mode-enx-dual-pair-stream-ad-free-music-via-app-bluetooth/product-reviews/itme2d3b64d9891b?pid=ACCG8MXCJKCFHA7X,2025-12-05 13:22:11,Phase 1,flipkart_all_reviews_20251205_132304.csv
162,Electronics,Boat Rockerz 425 Bluetooth Headphones,1,"5
Classy product
Very good quality 👍
Md mahir noori
Certified Buyer, Siwan
Feb, 2024
284","Certified Buyer, Siwan","Feb, 2024",Yes,https://www.flipkart.com/boat-rockerz-425-25h-battery-beast-mode-enx-dual-pair-stream-ad-free-music-via-app-bluetooth/product-reviews/itme2d3b64d9891b?pid=ACCG8MXCJKCFHA7X,2025-12-05 13:22:11,Phase 1,flipkart_all_reviews_20251205_132304.csv
163,Electronics,Boat Rockerz 425 Bluetooth Headphones,1,"4
Pretty good
Got the product on time and very good Quality
Flipkart Customer
Certified Buyer, Bidhan Nagar
Feb, 2024
9131","Certified Buyer, Bidhan Nagar","Feb, 2024",Yes,https://www.flipkart.com/boat-rockerz-425-25h-battery-beast-mode-enx-dual-pair-stream-ad-free-music-via-app-bluetooth/product-reviews/itme2d3b64d9891b?pid=ACCG8MXCJKCFHA7X,2025-12-05 13:22:11,Phase 1,flipkart_all_reviews_20251205_132304.csv
164,Electronics,Boat Rockerz 425 Bluetooth Headphones,1,"3
Decent product
Sound quality 7/10
Build quality. 4/10
Battery backup 8/10
Mic quality 7/10
Sound leakage at 50% sound
Kaushlendra Pratap
Certified Buyer, Orai
Jan, 2024
426132","Certified Buyer, Orai",Decent product,Yes,https://www.flipkart.com/boat-rockerz-425-25h-battery-beast-mode-enx-dual-pair-stream-ad-free-music-via-app-bluetooth/product-reviews/itme2d3b64d9891b?pid=ACCG8MXCJKCFHA7X,2025-12-05 13:22:11,Phase 1,flipkart_all_reviews_20251205_132304.csv
165,Electronics,Boat Rockerz 425 Bluetooth Headphones,1,"5
Perfect product!
very good I like boat product always.
Rakesh Saxena
Certified Buyer, Bareilly
8 months ago
90","Certified Buyer, Bareilly",,Yes,https://www.flipkart.com/boat-rockerz-425-25h-battery-beast-mode-enx-dual-pair-stream-ad-free-music-via-app-bluetooth/product-reviews/itme2d3b64d9891b?pid=ACCG8MXCJKCFHA7X,2025-12-05 13:22:11,Phase 1,flipkart_all_reviews_20251205_132304.csv
166,Electronics,Boat Rockerz 425 Bluetooth Headphones,1,"5
Excellent
Mind blowing
Samar Karak
Certified Buyer, Kolkata
Jan, 2024
378","Certified Buyer, Kolkata","Jan, 2024",Yes,https://www.flipkart.com/boat-rockerz-425-25h-battery-beast-mode-enx-dual-pair-stream-ad-free-music-via-app-bluetooth/product-reviews/itme2d3b64d9891b?pid=ACCG8MXCJKCFHA7X,2025-12-05 13:22:11,Phase 1,flipkart_all_reviews_20251205_132304.csv
167,Electronics,Sony WH-CH520 Bluetooth Headphones,1,"5
Terrific purchase
It's sony so don't hesitate before buying. The sound is well balanced. Bass is not everything. Overall sound stage is very good. It has good amount of bass, the deep and good one not the cheap one like boat (of course price matters). The sound presets in sony headphone app is not","Certified Buyer, Bilaspur","Jul, 2023",Yes,https://www.flipkart.com/sony-wh-ch520-50-hrs-playtime-dsee-upscale-multipoint-connection-dual-pairing-bluetooth/product-reviews/itmf3323e4dd1211?pid=ACCGZ4MAJXCC8ED8,2025-12-05 13:22:36,Phase 1,flipkart_all_reviews_20251205_132304.csv
168,Electronics,Sony WH-CH520 Bluetooth Headphones,1,"5
Mind-blowing purchase
Nice headphone, Nice sound quality.

1. Design and build quality is premium.
2. Bass is very nice.
3. Sound quality is very grisp you can hear each and every instruments sound in the song clearly.
4. Battery 🔋 life is amazing.
5. There is no problem in Bluetooth connectivity,","Certified Buyer, Bid","Oct, 2024",Yes,https://www.flipkart.com/sony-wh-ch520-50-hrs-playtime-dsee-upscale-multipoint-connection-dual-pairing-bluetooth/product-reviews/itmf3323e4dd1211?pid=ACCGZ4MAJXCC8ED8,2025-12-05 13:22:36,Phase 1,flipkart_all_reviews_20251205_132304.csv
169,Electronics,Sony WH-CH520 Bluetooth Headphones,1,"5
Highly recommended
Fantastic Balaned Music. Bass is Top Notch. It supports 360 reality audio but you have 360 audio supported apps or music. You can adjust Bass and treble Equaliser in sony headphones connect app. Battery backup is awesome. It has 50hrs battery backup. No connectivity issues in bl","Certified Buyer, Madurai","Apr, 2023",Yes,https://www.flipkart.com/sony-wh-ch520-50-hrs-playtime-dsee-upscale-multipoint-connection-dual-pairing-bluetooth/product-reviews/itmf3323e4dd1211?pid=ACCGZ4MAJXCC8ED8,2025-12-05 13:22:36,Phase 1,flipkart_all_reviews_20251205_132304.csv
170,Electronics,Sony WH-CH520 Bluetooth Headphones,1,"5
Best in the market!
Good product ! Best for normal music lovers not too loud because it comes with a balanced sound not too much bass.
Ujjwal Tyagi
Certified Buyer, Sonipat District
Apr, 2023
14149","Certified Buyer, Sonipat District","Apr, 2023",Yes,https://www.flipkart.com/sony-wh-ch520-50-hrs-playtime-dsee-upscale-multipoint-connection-dual-pairing-bluetooth/product-reviews/itmf3323e4dd1211?pid=ACCGZ4MAJXCC8ED8,2025-12-05 13:22:36,Phase 1,flipkart_all_reviews_20251205_132304.csv
171,Electronics,Sony WH-CH520 Bluetooth Headphones,1,"4
Good choice
Nice product
Arijit Basak
Certified Buyer, Nadia District
May, 2023
3512","Certified Buyer, Nadia District","May, 2023",Yes,https://www.flipkart.com/sony-wh-ch520-50-hrs-playtime-dsee-upscale-multipoint-connection-dual-pairing-bluetooth/product-reviews/itmf3323e4dd1211?pid=ACCGZ4MAJXCC8ED8,2025-12-05 13:22:36,Phase 1,flipkart_all_reviews_20251205_132304.csv
172,Electronics,Sony WH-CH520 Bluetooth Headphones,1,"5
Worth every penny
Perfectly balanced sound n comfy
Rohan Singh
Certified Buyer, Kota
Jun, 2023
289","Certified Buyer, Kota","Jun, 2023",Yes,https://www.flipkart.com/sony-wh-ch520-50-hrs-playtime-dsee-upscale-multipoint-connection-dual-pairing-bluetooth/product-reviews/itmf3323e4dd1211?pid=ACCGZ4MAJXCC8ED8,2025-12-05 13:22:36,Phase 1,flipkart_all_reviews_20251205_132304.csv
173,Electronics,Sony WH-CH520 Bluetooth Headphones,1,"5
Worth every penny
This is one of the best sounding headphones for this price. Bass is good. Battery backup is amazing lasts for about a week on heavy usage. Not very comfortable for people who wear glasses like me. Earmuffs are soft. Build quality is good and the product looks premium. Had no issu","Certified Buyer, Kolkata","Jun, 2023",Yes,https://www.flipkart.com/sony-wh-ch520-50-hrs-playtime-dsee-upscale-multipoint-connection-dual-pairing-bluetooth/product-reviews/itmf3323e4dd1211?pid=ACCGZ4MAJXCC8ED8,2025-12-05 13:22:36,Phase 1,flipkart_all_reviews_20251205_132304.csv
174,Electronics,Sony WH-CH520 Bluetooth Headphones,1,"5
Must buy!
The sound quality is top notch. Even without noise cancellation it 🔥
Arshad Asharaf
Certified Buyer, Alappuzha
May, 2023
102","Certified Buyer, Alappuzha","May, 2023",Yes,https://www.flipkart.com/sony-wh-ch520-50-hrs-playtime-dsee-upscale-multipoint-connection-dual-pairing-bluetooth/product-reviews/itmf3323e4dd1211?pid=ACCGZ4MAJXCC8ED8,2025-12-05 13:22:36,Phase 1,flipkart_all_reviews_20251205_132304.csv
175,Electronics,Sony WH-CH520 Bluetooth Headphones,1,"5
Mind-blowing purchase
The most fantastic thing is The ear cushions they are tooo soft... No pain at all even after using long hours. Quick pairing helps a lot.. Connects within seconds. The sound quality is excellent. Most of others said about low bass but I didn't feel that, bass is present as re","Certified Buyer, Ballari","May, 2023",Yes,https://www.flipkart.com/sony-wh-ch520-50-hrs-playtime-dsee-upscale-multipoint-connection-dual-pairing-bluetooth/product-reviews/itmf3323e4dd1211?pid=ACCGZ4MAJXCC8ED8,2025-12-05 13:22:36,Phase 1,flipkart_all_reviews_20251205_132304.csv
176,Electronics,Sony WH-CH520 Bluetooth Headphones,1,"5
Classy product
Worth it invested one time
Flipkart Customer
Certified Buyer, Samana
Apr, 2024
40","Certified Buyer, Samana","Apr, 2024",Yes,https://www.flipkart.com/sony-wh-ch520-50-hrs-playtime-dsee-upscale-multipoint-connection-dual-pairing-bluetooth/product-reviews/itmf3323e4dd1211?pid=ACCGZ4MAJXCC8ED8,2025-12-05 13:22:36,Phase 1,flipkart_all_reviews_20251205_132304.csv
177,Electronics,Mi 20000 mAh 33W Power Bank,1,"4
Nice product
Pros:
1.Charging time with 18W charger is 7 hours. With 10 watt charger it takes 10.5 hours to charge completely.
(If your charger is 15W , it will still take 10.5 hours to charge).
2. It doesn't have a power on/off button. There is a battery level indicater button on side. When you p","Certified Buyer, Ranchi","Oct, 2020",Yes,https://www.flipkart.com/mi-20000-mah-33-w-power-bank/product-reviews/itme2dae8e64d942?pid=PWBH3VWYZDWTYBYS,2025-12-05 13:23:02,Phase 1,flipkart_all_reviews_20251205_132304.csv
178,Electronics,Mi 20000 mAh 33W Power Bank,1,"4
Good quality product
* best battery life
* good performance
* value for money
* nice fast chargering
Agatheeswaran Agathees
Certified Buyer, Tirupur
Jan, 2021
3590807","Certified Buyer, Tirupur","Jan, 2021",Yes,https://www.flipkart.com/mi-20000-mah-33-w-power-bank/product-reviews/itme2dae8e64d942?pid=PWBH3VWYZDWTYBYS,2025-12-05 13:23:02,Phase 1,flipkart_all_reviews_20251205_132304.csv
179,Electronics,Mi 20000 mAh 33W Power Bank,1,"5
Fabulous!
Best power and fast charging i love this product as safe delivery
Vivek Patil
Certified Buyer, Mangaluru
Jan, 2021
1398329","Certified Buyer, Mangaluru","Jan, 2021",Yes,https://www.flipkart.com/mi-20000-mah-33-w-power-bank/product-reviews/itme2dae8e64d942?pid=PWBH3VWYZDWTYBYS,2025-12-05 13:23:02,Phase 1,flipkart_all_reviews_20251205_132304.csv
180,Electronics,Mi 20000 mAh 33W Power Bank,1,"5
Terrific
Osm ....best power ...
Peeyush sonkar
Certified Buyer, Varanasi
Jan, 2021
555127","Certified Buyer, Varanasi","Jan, 2021",Yes,https://www.flipkart.com/mi-20000-mah-33-w-power-bank/product-reviews/itme2dae8e64d942?pid=PWBH3VWYZDWTYBYS,2025-12-05 13:23:02,Phase 1,flipkart_all_reviews_20251205_132304.csv
181,Electronics,Mi 20000 mAh 33W Power Bank,1,"5
Worth every penny
Best Product
NEERAJ KUMAR
Certified Buyer, Azamgarh District
Apr, 2021
7712","Certified Buyer, Azamgarh District","Apr, 2021",Yes,https://www.flipkart.com/mi-20000-mah-33-w-power-bank/product-reviews/itme2dae8e64d942?pid=PWBH3VWYZDWTYBYS,2025-12-05 13:23:02,Phase 1,flipkart_all_reviews_20251205_132304.csv
182,Electronics,Mi 20000 mAh 33W Power Bank,1,"5
Just wow!
It is very good power bank
Akhil Khan
Certified Buyer, Dhubri
Jan, 2021
22046","Certified Buyer, Dhubri","Jan, 2021",Yes,https://www.flipkart.com/mi-20000-mah-33-w-power-bank/product-reviews/itme2dae8e64d942?pid=PWBH3VWYZDWTYBYS,2025-12-05 13:23:02,Phase 1,flipkart_all_reviews_20251205_132304.csv
183,Electronics,Mi 20000 mAh 33W Power Bank,1,"5
Super!
Good product 20000mAh power bank. And original and free a type-c usb cable.and a original product checking code is given in box I suggest always check the code in xiomi website for confirmation. It made in india .and it support 18w fast charging.3 power output support 2 usb type A and one t","Certified Buyer, Naupala",Argha Jana,Yes,https://www.flipkart.com/mi-20000-mah-33-w-power-bank/product-reviews/itme2dae8e64d942?pid=PWBH3VWYZDWTYBYS,2025-12-05 13:23:02,Phase 1,flipkart_all_reviews_20251205_132304.csv
184,Electronics,Mi 20000 mAh 33W Power Bank,1,"5
Perfect product!
Technical this powerbank has 15000mAh battery backup.. It can charge 5000mah 3 times once fully charged. It takes alomost 5 to 7 hours with 20watt charger..
Swagatam Maurya
Certified Buyer, Kadipur
Jan, 2021
10921","Certified Buyer, Kadipur","Jan, 2021",Yes,https://www.flipkart.com/mi-20000-mah-33-w-power-bank/product-reviews/itme2dae8e64d942?pid=PWBH3VWYZDWTYBYS,2025-12-05 13:23:02,Phase 1,flipkart_all_reviews_20251205_132304.csv
185,Electronics,Mi 20000 mAh 33W Power Bank,1,"5
Just wow!
Power backup is amazing,look is smooth and fantastic ,rechargine time 7 to 8 hr,and very fast charging tnx for flipkart and i recoment to buy this product...☺️
Ashish Singh
Certified Buyer, Rae Bareli
Jul, 2021
9618","Certified Buyer, Rae Bareli","Jul, 2021",Yes,https://www.flipkart.com/mi-20000-mah-33-w-power-bank/product-reviews/itme2dae8e64d942?pid=PWBH3VWYZDWTYBYS,2025-12-05 13:23:02,Phase 1,flipkart_all_reviews_20251205_132304.csv
186,Electronics,Mi 20000 mAh 33W Power Bank,1,"5
Excellent
This is a amazing power bank for every you charged by this . This is charge my redmi k20pro 4000 mah battery 4.5 times 4 time fully charged and 5th time half charge not. Bad thank you mi. Tq Flipkart 👍👍🤝I suggest you can bought now careless.
Sk. Mehetaj
Certified Buyer, Ongole
Dec, 2020
","Certified Buyer, Ongole","Dec, 2020",Yes,https://www.flipkart.com/mi-20000-mah-33-w-power-bank/product-reviews/itme2dae8e64d942?pid=PWBH3VWYZDWTYBYS,2025-12-05 13:23:02,Phase 1,flipkart_all_reviews_20251205_132304.csv
187,Home Appliance,LG 260 L 3 Star Smart Inverter Frost-Free Double Door Refrigerator,5,"4.4★ 1,771 Ratings & 132 Reviews 5★ 4★ 3★ 2★ 1★ 1,130 420 94 30 97 4.4 Performance 4.4 Design & Features 4.3 Value for Money 4.2 Delivery & Installation",Customer,,No,https://www.flipkart.com/lg-260-l-frost-free-double-door-2-star-convertible-refrigerator/p/itm283448defc119?pid=RFRFPHH7WXMP36ZF,2025-12-05 15:37:16,Phase 2,flipkart_phase2_20251205_154931.csv
188,Home Appliance,LG 260 L 3 Star Smart Inverter Frost-Free Double Door Refrigerator,5,"4.4★ 1,771 Ratings & 132 Reviews 5★ 4★ 3★ 2★ 1★ 1,130 420 94 30 97",Customer,,No,https://www.flipkart.com/lg-260-l-frost-free-double-door-2-star-convertible-refrigerator/p/itm283448defc119?pid=RFRFPHH7WXMP36ZF,2025-12-05 15:37:16,Phase 2,flipkart_phase2_20251205_154931.csv
189,Home Appliance,Samsung 253 L 3 Star Inverter Frost-Free Double Door Refrigerator,5,4.3★ 26 Ratings & 2 Reviews 5★ 4★ 3★ 2★ 1★ 16 5 3 2 0 3.8 Performance 3.8 Design & Features 3.4 Value for Money 3.4 Delivery & Installation,Customer,,No,https://www.flipkart.com/samsung-253-l-frost-free-double-door-2-star-refrigerator-base-drawer/p/itm0db5d6f4f8411?pid=RFRFZGJC4EW7PSTH,2025-12-05 15:37:50,Phase 2,flipkart_phase2_20251205_154931.csv
190,Home Appliance,Samsung 253 L 3 Star Inverter Frost-Free Double Door Refrigerator,5,4.3★ 26 Ratings & 2 Reviews 5★ 4★ 3★ 2★ 1★ 16 5 3 2 0,Customer,,No,https://www.flipkart.com/samsung-253-l-frost-free-double-door-2-star-refrigerator-base-drawer/p/itm0db5d6f4f8411?pid=RFRFZGJC4EW7PSTH,2025-12-05 15:37:50,Phase 2,flipkart_phase2_20251205_154931.csv
191,Home Appliance,Samsung 253 L 3 Star Inverter Frost-Free Double Door Refrigerator,1,Bid goodbye to buying separate baskets to store vegetables like onions and potatoes that don’t need to be refrigerated. The large Base Stand Drawer that is present at the bottom part of this refrigerator offers a convenient place to store veggies at room temperature.,Customer,,No,https://www.flipkart.com/samsung-253-l-frost-free-double-door-2-star-refrigerator-base-drawer/p/itm0db5d6f4f8411?pid=RFRFZGJC4EW7PSTH,2025-12-05 15:37:50,Phase 2,flipkart_phase2_20251205_154931.csv
192,Home Appliance,Whirlpool 265 L 3 Star Inverter Frost-Free Double Door Refrigerator,5,"4.3★ 10,516 Ratings & 1,311 Reviews 5★ 4★ 3★ 2★ 1★ 6,172 2,864 835 218 427 4.1 Performance 4.1 Design & Features 4.2 Value for Money 4.0 Delivery & Installation",Customer,,No,https://www.flipkart.com/whirlpool-265-l-frost-free-double-door-2-star-refrigerator/p/itmc4fa0d0fb434f?pid=RFRFZRNHHNHCVPZH,2025-12-05 15:38:26,Phase 2,flipkart_phase2_20251205_154931.csv
193,Home Appliance,Whirlpool 265 L 3 Star Inverter Frost-Free Double Door Refrigerator,5,"4.3★ 10,516 Ratings & 1,311 Reviews 5★ 4★ 3★ 2★ 1★ 6,172 2,864 835 218 427",Customer,,No,https://www.flipkart.com/whirlpool-265-l-frost-free-double-door-2-star-refrigerator/p/itmc4fa0d0fb434f?pid=RFRFZRNHHNHCVPZH,2025-12-05 15:38:26,Phase 2,flipkart_phase2_20251205_154931.csv
194,Home Appliance,Whirlpool 265 L 3 Star Inverter Frost-Free Double Door Refrigerator,1,"Excellent service, delivery and follow-up by Flipkart",Customer,,No,https://www.flipkart.com/whirlpool-265-l-frost-free-double-door-2-star-refrigerator/p/itmc4fa0d0fb434f?pid=RFRFZRNHHNHCVPZH,2025-12-05 15:38:26,Phase 2,flipkart_phase2_20251205_154931.csv
195,Home Appliance,Whirlpool 265 L 3 Star Inverter Frost-Free Double Door Refrigerator,1,price n working is good ..when you buy in offers its good ..,Customer,,No,https://www.flipkart.com/whirlpool-265-l-frost-free-double-door-2-star-refrigerator/p/itmc4fa0d0fb434f?pid=RFRFZRNHHNHCVPZH,2025-12-05 15:38:26,Phase 2,flipkart_phase2_20251205_154931.csv
196,Home Appliance,Voltas 1.5 Ton 3 Star Split Inverter AC,5,"4.2★ 75,663 Ratings & 6,605 Reviews 5★ 4★ 3★ 2★ 1★ 43,127 18,457 5,793 1,795 6,491 4.1 Cooling 3.8 Energy Efficiency 3.9 Design & Features 3.7 Delivery & Installation",Customer,,No,https://www.flipkart.com/voltas-2024-model-1-5-ton-3-star-split-inverter-ac-white/p/itmee86accb4f614?pid=ACNGYPU5FPG9ZSJM,2025-12-05 15:39:13,Phase 2,flipkart_phase2_20251205_154931.csv
197,Home Appliance,Voltas 1.5 Ton 3 Star Split Inverter AC,5,"4.2★ 75,663 Ratings & 6,605 Reviews 5★ 4★ 3★ 2★ 1★ 43,127 18,457 5,793 1,795 6,491",Customer,,No,https://www.flipkart.com/voltas-2024-model-1-5-ton-3-star-split-inverter-ac-white/p/itmee86accb4f614?pid=ACNGYPU5FPG9ZSJM,2025-12-05 15:39:13,Phase 2,flipkart_phase2_20251205_154931.csv
198,Home Appliance,LG 1.5 Ton 5 Star AI DUAL Inverter Split AC,5,"4.2★ 41,903 Ratings & 4,022 Reviews 5★ 4★ 3★ 2★ 1★ 25,535 8,788 2,083 814 4,683 4.3 Cooling 4.2 Energy Efficiency 4.2 Design & Features 3.6 Delivery & Installation",Customer,,No,https://www.flipkart.com/lg-ai-convertible-6-in-1-cooling-2024-model-1-5-ton-5-star-split-dual-inverter-4-way-swing-hd-filter-anti-virus-protection-viraat-mode-adc-sensor-ac-white/p/itm335feed041afb?pid=ACNGX8JPHYYXJGSX,2025-12-05 15:40:03,Phase 2,flipkart_phase2_20251205_154931.csv
199,Home Appliance,LG 1.5 Ton 5 Star AI DUAL Inverter Split AC,5,"4.2★ 41,903 Ratings & 4,022 Reviews 5★ 4★ 3★ 2★ 1★ 25,535 8,788 2,083 814 4,683",Customer,,No,https://www.flipkart.com/lg-ai-convertible-6-in-1-cooling-2024-model-1-5-ton-5-star-split-dual-inverter-4-way-swing-hd-filter-anti-virus-protection-viraat-mode-adc-sensor-ac-white/p/itm335feed041afb?pid=ACNGX8JPHYYXJGSX,2025-12-05 15:40:03,Phase 2,flipkart_phase2_20251205_154931.csv
200,Home Appliance,LG 1.5 Ton 5 Star AI DUAL Inverter Split AC,1,"Honestly speaking, the AC is too good at this price segment. Overall performance is best. It takes less time to cool and it also operates in silent manner. The 6-in-1 feature is just like fire🔥. This variant has no WIFI facility and the display of the remote has no light. It may be difficult to operate the remote in night when all the lights of the room are off. Overall, I am happy with this product after 30 days using",Customer,,No,https://www.flipkart.com/lg-ai-convertible-6-in-1-cooling-2024-model-1-5-ton-5-star-split-dual-inverter-4-way-swing-hd-filter-anti-virus-protection-viraat-mode-adc-sensor-ac-white/p/itm335feed041afb?pid=ACNGX8JPHYYXJGSX,2025-12-05 15:40:03,Phase 2,flipkart_phase2_20251205_154931.csv
201,Home Appliance,Daikin 1.5 Ton 3 Star Inverter Split AC,5,"4.2★ 19,939 Ratings & 1,489 Reviews 5★ 4★ 3★ 2★ 1★ 12,254 4,097 1,136 437 2,015 4.3 Cooling 4.0 Energy Efficiency 4.1 Design & Features 3.8 Delivery & Installation",Customer,,No,https://www.flipkart.com/daikin-2025-model-1-5-ton-3-star-split-inverter-ac-pm-2-5-filter-white/p/itm1d4c83331bf3a?pid=ACNHA7H3HAJS53EK,2025-12-05 15:40:39,Phase 2,flipkart_phase2_20251205_154931.csv
202,Home Appliance,Daikin 1.5 Ton 3 Star Inverter Split AC,5,"4.2★ 19,939 Ratings & 1,489 Reviews 5★ 4★ 3★ 2★ 1★ 12,254 4,097 1,136 437 2,015",Customer,,No,https://www.flipkart.com/daikin-2025-model-1-5-ton-3-star-split-inverter-ac-pm-2-5-filter-white/p/itm1d4c83331bf3a?pid=ACNHA7H3HAJS53EK,2025-12-05 15:40:39,Phase 2,flipkart_phase2_20251205_154931.csv
203,Home Appliance,Daikin 1.5 Ton 3 Star Inverter Split AC,1,"AC is good and cooling is also fast.It doesn't have convertible option but gets converted automatically to reduce power consumption.Important thing to note is that DAIKIN AC of any models doesn't come with power cable from indoor unit to plug point like other AC.The power cable is connected to outdoor unit to plug point,which you have to buy from technician fully,it will require minimum 6 metres and will increase accordingly to the distance between outdoor unit and plug point.",Customer,,No,https://www.flipkart.com/daikin-2025-model-1-5-ton-3-star-split-inverter-ac-pm-2-5-filter-white/p/itm1d4c83331bf3a?pid=ACNHA7H3HAJS53EK,2025-12-05 15:40:39,Phase 2,flipkart_phase2_20251205_154931.csv
204,Home Appliance,Samsung 7 kg Fully Automatic Top Load Washing Machine,5,"4.3★ 1,05,868 Ratings & 6,751 Reviews 5★ 4★ 3★ 2★ 1★ 64,041 24,961 5,991 2,295 8,580 4.1 Performance 4.2 Design 3.9 Delivery & Installation 4.1 Value for Money",Customer,,No,https://www.flipkart.com/samsung-7-kg-5-star-ecobubble-digital-inverter-fully-automatic-top-load-washing-machine-grey/p/itmfad620b791ea9?pid=WMNGGUWZK6VEQPXD,2025-12-05 15:41:18,Phase 2,flipkart_phase2_20251205_154931.csv
205,Home Appliance,Samsung 7 kg Fully Automatic Top Load Washing Machine,5,"4.3★ 1,05,868 Ratings & 6,751 Reviews 5★ 4★ 3★ 2★ 1★ 64,041 24,961 5,991 2,295 8,580",Customer,,No,https://www.flipkart.com/samsung-7-kg-5-star-ecobubble-digital-inverter-fully-automatic-top-load-washing-machine-grey/p/itmfad620b791ea9?pid=WMNGGUWZK6VEQPXD,2025-12-05 15:41:18,Phase 2,flipkart_phase2_20251205_154931.csv
206,Home Appliance,Samsung 7 kg Fully Automatic Top Load Washing Machine,1,"I've purchased 7Kg model. The machine is soo silent. Cleaning is good. There aren't any dedicated buttons for manual adjustments for rinse and spin etc. But it can be done:- you can manually set rinse cycle, wash cycle, dry cycle etc.",Customer,,No,https://www.flipkart.com/samsung-7-kg-5-star-ecobubble-digital-inverter-fully-automatic-top-load-washing-machine-grey/p/itmfad620b791ea9?pid=WMNGGUWZK6VEQPXD,2025-12-05 15:41:18,Phase 2,flipkart_phase2_20251205_154931.csv
207,Home Appliance,LG 8 kg Fully Automatic Front Load Washing Machine,5,"4.3★ 12,369 Ratings & 822 Reviews 5★ 4★ 3★ 2★ 1★ 7,944 2,785 523 210 907 4.4 Performance 4.5 Design 4.1 Delivery & Installation 4.4 Value for Money",Customer,,No,https://www.flipkart.com/lg-8-kg-5-star-ai-direct-drive-technology-steam-6-motion-dd-fully-automatic-front-load-washing-machine-black/p/itm8c7244dbd53db?pid=WMNGPYWTTKRNGB5R,2025-12-05 15:41:57,Phase 2,flipkart_phase2_20251205_154931.csv
208,Home Appliance,LG 8 kg Fully Automatic Front Load Washing Machine,5,"4.3★ 12,369 Ratings & 822 Reviews 5★ 4★ 3★ 2★ 1★ 7,944 2,785 523 210 907",Customer,,No,https://www.flipkart.com/lg-8-kg-5-star-ai-direct-drive-technology-steam-6-motion-dd-fully-automatic-front-load-washing-machine-black/p/itm8c7244dbd53db?pid=WMNGPYWTTKRNGB5R,2025-12-05 15:41:57,Phase 2,flipkart_phase2_20251205_154931.csv
209,Home Appliance,Whirlpool 8 kg Fully Automatic Top Load Washing Machine,5,"4.1★ 47,339 Ratings & 2,941 Reviews 5★ 4★ 3★ 2★ 1★ 26,252 11,351 3,117 1,263 5,356 3.9 Performance 4.1 Design 3.8 Delivery & Installation 4.0 Value for Money",Customer,,No,https://www.flipkart.com/whirlpool-8-kg-fully-automatic-top-load-washing-machine-in-built-heater-grey/p/itm9fe0dcaaaf7bf?pid=WMNGVNUZPFXRCJAZ,2025-12-05 15:42:35,Phase 2,flipkart_phase2_20251205_154931.csv
210,Home Appliance,Whirlpool 8 kg Fully Automatic Top Load Washing Machine,5,"4.1★ 47,339 Ratings & 2,941 Reviews 5★ 4★ 3★ 2★ 1★ 26,252 11,351 3,117 1,263 5,356",Customer,,No,https://www.flipkart.com/whirlpool-8-kg-fully-automatic-top-load-washing-machine-in-built-heater-grey/p/itm9fe0dcaaaf7bf?pid=WMNGVNUZPFXRCJAZ,2025-12-05 15:42:35,Phase 2,flipkart_phase2_20251205_154931.csv
211,Home Appliance,Philips Air Fryer HD9252/90,5,"4.4★ 4,814 Ratings & 283 Reviews 5★ 4★ 3★ 2★ 1★ 3,158 1,038 218 74 326",Customer,,No,https://www.flipkart.com/philips-hd9252-90-touch-panel-uses-up-90-less-fat-7-pre-set-menu-1400w-4-1-ltr-rapid-air-technology-fryer/p/itmc4150617ed082?pid=AFRG6FGVVAAZVNXS,2025-12-05 15:43:16,Phase 2,flipkart_phase2_20251205_154931.csv
212,Home Appliance,Philips Air Fryer HD9252/90,1,Product wise it is good it does what it is supposed to do but it is like air frier feaver you want it till you don't have it but once you buy it you do not use it much.,Customer,,No,https://www.flipkart.com/philips-hd9252-90-touch-panel-uses-up-90-less-fat-7-pre-set-menu-1400w-4-1-ltr-rapid-air-technology-fryer/p/itmc4150617ed082?pid=AFRG6FGVVAAZVNXS,2025-12-05 15:43:16,Phase 2,flipkart_phase2_20251205_154931.csv
213,Home Appliance,Butterfly Rapid Plus Wet Grinder,5,"4.2★ 46,750 Ratings & 5,178 Reviews 5★ 4★ 3★ 2★ 1★ 23,848 15,084 4,438 1,180 2,200",Customer,,No,https://www.flipkart.com/butterfly-rapid-plus-wet-grinder-coconut-scraper-blue/p/itm579412e45a359?pid=WTGFGMHH9A2Z32VH,2025-12-05 15:43:53,Phase 2,flipkart_phase2_20251205_154931.csv
214,Home Appliance,Butterfly Rapid Plus Wet Grinder,1,Working as expected. Good. But takes more time for any batters.,Customer,,No,https://www.flipkart.com/butterfly-rapid-plus-wet-grinder-coconut-scraper-blue/p/itm579412e45a359?pid=WTGFGMHH9A2Z32VH,2025-12-05 15:43:53,Phase 2,flipkart_phase2_20251205_154931.csv
215,Home Appliance,Pigeon Stovekraft Electric Kettle,5,4.3★ 9 Ratings & 3 Reviews 5★ 4★ 3★ 2★ 1★ 7 0 1 0 1,Customer,,No,https://www.flipkart.com/pigeon-stovekraft-hot-electric-kettle/p/itm678143060cbce?pid=EKTG6Y4PH5HMGQ8Q,2025-12-05 15:44:22,Phase 2,flipkart_phase2_20251205_154931.csv
216,Shoes,Puma Retaliate 3 Running Shoes,1,"5Nice product. Good for men, classy look. Very comfortable ☺️",Customer,,No,https://www.flipkart.com/puma-retaliate-3-res-running-shoes-men/p/itm10e7e03a67194?pid=SHOHDMNNZVW3P58D,2025-12-05 15:46:08,Phase 2,flipkart_phase2_20251205_154931.csv
217,Shoes,Woodland Casuals Formal Shoes,1,"5Good shoe, however shoe size is one size bigger than usual Woodland shoes. Please choose one size smaller than your usual size of Woodland.",Customer,,No,https://www.flipkart.com/woodland-casuals-men/p/itma9b3975158c59?pid=SHOH78SJFYVKGGF6,2025-12-05 15:48:51,Phase 2,flipkart_phase2_20251205_154931.csv
